ID,site name,latitude,longitude,country
ae_abudhabi_abu_dhabi,"AE Abu Dhabi",24.476111,54.328889,"United Arab Emirates"
ae_abudhabi_al_ain,"AE Abu Dhabi Al Ain",24.242167,55.705167,"United Arab Emirates"
ae_abudhabi_al_dhafra,"AE Abu Dhabi Al Dhafra",24.254278,54.549667,"United Arab Emirates"
ae_abudhabi_al_khaznah,"AE Abu Dhabi Al Khaznah",24.158611,55.100556,"United Arab Emirates"
ae_abudhabi_al_qlaa,"AE Abu Dhabi Al Qlaa",24.133333,53.033333,"United Arab Emirates"
ae_abudhabi_dhabi,"AE Abu Dhabi",24.480556,54.382778,"United Arab Emirates"
ae_abudhabi_eastern_mangroves,"AE Abu Dhabi Eastern Mangroves",24.450883,54.428792,"United Arab Emirates"
ae_abudhabi_jabal_hafeet,"AE Abu Dhabi Jabal Hafeet",24.058217,55.776383,"United Arab Emirates"
ae_abudhabi_maarco,"AE Abu Dhabi MAARCO",24.700333,54.658833,"United Arab Emirates"
ae_abudhabi_masdar_institute,"AE Abu Dhabi Masdar Institute",24.441600,54.616600,"United Arab Emirates"
ae_abudhabi_mezaira,"AE Abu Dhabi Mezaira",23.104520,53.754660,"United Arab Emirates"
ae_abudhabi_mussafa,"AE Abu Dhabi Mussafa",24.371667,54.466667,"United Arab Emirates"
ae_abudhabi_smart,"AE Abu Dhabi SMART",24.249321,55.612064,"United Arab Emirates"
ae_dalma,"AE Dalma",24.502222,52.331667,"United Arab Emirates"
ae_dubay_saih_salam,"AE Dubay Saih Salam",24.829467,55.312783,"United Arab Emirates"
ae_fujayrah_dhadnah,"AE Fujayrah Dhadnah",25.512817,56.324717,"United Arab Emirates"
ae_sir_bu_nuair,"AE Sir Bu Nuair",25.216667,54.233333,"United Arab Emirates"
ae_ummalqaywayn_umm_al_quwain,"AE Umm Al Quwain",25.533333,55.658333,"United Arab Emirates"
ae_zakum_field,"AE Zakum Field",24.835267,53.613167,"United Arab Emirates"
af_kandahar_kandahar,"AF Kandahar",31.508611,65.847778,"Afghanistan"
af_kandahar_kandahar_af,"AF Kandahar 2",31.502661,65.850136,"Afghanistan"
aq_aat_progress,"AQ AAT Progress",-69.377780,76.388610,"Antarctica"
aq_antarctica_mcmurdo_dry_valleys,"AQ Antarctica McMurdo Dry Valleys",-77.625000,162.883331,"Antarctica"
aq_antarctica_vechernaya_hill,"AQ Antarctica Vechernaya Hill",-67.660000,46.158000,"Antarctica"
aq_arm_mcmurdo,"AQ ARM McMurdo",-77.848889,166.729722,"Antarctica"
aq_arm_wais,"AQ ARM WAIS",-79.470556,-112.083333,"Antarctica"
aq_eastantarctica_utsteinen,"AQ East Antarctica Utsteinen",-71.950000,23.333330,"Antarctica"
aq_king_sejong_station_site,"AQ King Sejong Station site",-62.232115,-58.804321,"Antarctica"
aq_marambio,"AQ Marambio",-64.239996,-56.625244,"Antarctica"
aq_novolazarevskaya,"AQ Novolazarevskaya",-70.766667,11.833333,"Antarctica"
aq_palmer_station_lter_pal1,"AQ Palmer Station LTER",-64.774170,-64.054500,"Antarctica"
ar_buenos_aires_carlos_casares_agriculture,"AR Buenos Aires Carlos Casares agriculture",-35.621000,-61.318100,"Argentina"
ar_buenos_aires_carlos_casares_grassland,"AR Buenos Aires Carlos Casares grassland",-35.924400,-61.185500,"Argentina"
ar_buenosaires_balcarce_ba,"Balcarce BA",-37.759600,-58.302400,"Argentina"
ar_buenosaires_ceilap-ba,"AR Buenos Aires CEILAP-BA",-34.555420,-58.506410,"Argentina"
ar_buenosaires_celpa_mar_chiquita,"AR Buenos Aires CELPA Mar Chiquita",-37.702800,-57.419200,"Argentina"
ar_buenosaires_romano_mar_chiquita_ba,"Romano Mar Chiquita BA",-37.550800,-57.297200,"Argentina"
ar_chubut_ceilap_comodoro,"AR Chubut CEILAP Comodoro",-45.792153,-67.462875,"Argentina"
ar_chubut_trelew,"AR Chubut Trelew",-43.249806,-65.308611,"Argentina"
ar_ciudaddebuenosaires_ceilap_utn,"AR Ciudadde Buenos Aires CEILAP UTN",-34.659722,-58.468611,"Argentina"
ar_cordoba_cordoba_cett,"AR Cordoba CETT",-31.524075,-64.463682,"Argentina"
ar_cordoba_pilar,"AR Cordoba Pilar",-31.667410,-63.882600,"Argentina"
ar_corrientes_virasoro,"AR Corrientes Virasoro",-28.239500,-56.188600,"Argentina"
ar_neuquen_ceilap_neuquen,"AR Neuquen CEILAP Neuquen",-38.952220,-68.136660,"Argentina"
ar_riogallegos_ceilap-rg,"AR Rio Gallegos CEILAP-RG",-51.600500,-69.319250,"Argentina"
ar_rionegro_ceilap_bariloche,"AR Rio Negro CEILAP Bariloche",-41.146944,-71.163333,"Argentina"
ar_sanjuan_casleo,"AR San Juan CASLEO",-31.799167,-69.306111,"Argentina"
ar_sanluis_san_luis,"AR San Luis",-33.464800,-66.459800,"Argentina"
ar_tierradelfuego_rio_moat_bog,"AR Tierra del Fuego Rio Moat bog",-54.973300,-66.733500,"Argentina"
ar_tierradelfuego_rio_pipo_bog,"AR Tierra del Fuego Rio Pipo bog",-54.826852,-68.454856,"Argentina"
as_american_samoa,"AS American Samoa",-14.247200,-170.564400,"American Samoa"
at_burgenland_rosalia_demonstration_forest,"AT Burgenland Rosalia demonstration forest",47.702700,16.301500,"Austria"
at_carinthia_kanzelhoehe,"AT Carinthia Kanzelhoehe",46.677232,13.901269,"Austria"
at_innsbruck_hauptbibliothek,"AT Innsbruck Hauptbibliothek",47.264096,11.385816,"Austria"
at_karnten_gerlitzen,"AT Karnten Gerlitzen",46.678333,13.906667,"Austria"
at_niederosterreich_vienne_univie,"AT Niederosterreich Vienne UNIVIE",48.221667,16.355833,"Austria"
at_oberosterreich_hllengebirge,"AT Oberosterreich Hllengebirge",47.803333,13.591389,"Austria"
at_salzburg_berchtesgaden,"AT Salzburg Berchtesgaden",47.616667,12.583333,"Austria"
at_stubaital_neustift,"AT Stubaital Neustift",47.116700,11.317500,"Austria"
at_stubaital_neustift_2,"AT Stubaital Neustift",47.116669,11.317500,"Austria"
at_styria_gumpenstein,"AT Styria Gumpenstein",47.493900,14.100800,"Austria"
at_tirol_langenfeld,"AT Tirol Langenfeld",47.063830,10.964519,"Austria"
at_tirol_langenfeld_2,"AT Tirol Langenfeld",47.061221,10.963454,"Austria"
at_tirol_leutasch,"AT Tirol Leutasch",47.378870,11.165581,"Austria"
at_tirol_leutasch_2,"AT Tirol Leutasch",47.378036,11.162780,"Austria"
at_tirol_neustiftstubai_valley,"AT Tirol Neustift Stubai Valley",47.116200,11.320350,"Austria"
at_tirol_rotholz,"AT Tirol Rotholz",47.394722,11.804722,"Austria"
at_tirol_schlitters,"AT Tirol Schlitters",47.368200,11.856170,"Austria"
at_tirol_stubai_abandoned,"AT Tirol Stubai Abandoned",47.125280,11.289440,"Austria"
at_tirol_stubai_meadow,"AT Tirol Stubai Meadow",47.128890,11.305830,"Austria"
at_tirol_stubai_pasture,"AT Tirol Stubai Pasture",47.136940,11.303610,"Austria"
at_tirol_stubai_valley,"AT Tirol Stubai Valley",47.116667,11.283333,"Austria"
at_tyrol_fuegen,"AT Tyrol Fuegen",47.367374,11.854709,"Austria"
at_tyrol_mieming,"AT Tyrol Mieming",47.316564,10.970089,"Austria"
at_tyrol_scharnitz,"AT Tyrol Scharnitz",47.387291,11.247935,"Austria"
at_vienna_arsenal,"AT Vienna Arsenal",48.181838,16.390851,"Austria"
at_wien_vienna_boku,"AT Wien Vienna BOKU",48.237860,16.331610,"Austria"
au_australiancapitalterritory_canberra,"AU Australian Capital Territory Canberra",-35.271300,149.111100,"Australia"
au_newsouthwales_australia_yanco_site,"AU New South Wales Yanco site",-34.988282,146.291606,"Australia"
au_newsouthwales_coleambally,"AU New South Wales Coleambally",-34.810100,146.064400,"Australia"
au_newsouthwales_coleambally_irrigation_rice,"AU New South Wales Coleambally Irrigation Rice",-34.925200,145.821200,"Australia"
au_newsouthwales_cumberland_plains,"AU New South Wales Cumberland Plains",-33.613300,150.722500,"Australia"
au_newsouthwales_cumberland_plains_2,"AU New South Wales Cumberland Plains",-33.615200,150.723600,"Australia"
au_newsouthwales_fowlers_gap,"AU New South Wales Fowlers Gap",-31.086300,141.700820,"Australia"
au_newsouthwales_janina,"AU New South Wales Janina",-30.076667,144.136389,"Australia"
au_newsouthwales_newcastle,"AU New South Wales Newcastle",-32.884200,151.728900,"Australia"
au_newsouthwales_nimmo,"AU New South Wales Nimmo",-36.215833,148.552778,"Australia"
au_newsouthwales_tumbarumba,"AU New South Wales Tumbarumba",-35.655556,148.151944,"Australia"
au_newsouthwales_tumbarumba_2,"AU New South Wales Tumbarumba",-35.656600,148.151700,"Australia"
au_newsouthwales_tumbarumba_aeronet,"AU New South Wales Tumbarumba",-35.708300,147.949900,"Australia"
au_newsouthwales_uardry,"AU New South Wales Uardry",-34.390000,145.300000,"Australia"
au_newsouthwales_yarramundi_control_paddock,"AU New South Wales Yarramundi Control Paddock",-33.613469,150.734864,"Australia"
au_newsouthwales_yarramundi_irrigated_paddock,"AU New South Wales Yarramundi Irrigated Paddock",-33.620812,150.763284,"Australia"
au_northernterritory_adelaide_river,"AU Northern Territory Adelaide River",-13.076900,131.117800,"Australia"
au_northernterritory_alice_springs,"AU Northern Territory Alice Springs",-22.283000,133.249000,"Australia"
au_northernterritory_daly_river_cleared,"AU Northern Territory Daly River Cleared",-14.134283,131.384514,"Australia"
au_northernterritory_daly_river_cleared_1,"AU Northern Territory Daly River Cleared",-14.159300,131.388100,"Australia"
au_northernterritory_daly_river_savanna,"AU Northern Territory Daly River Savanna",-14.063300,131.318100,"Australia"
au_northernterritory_dry_river,"AU Northern Territory Dry River",-15.258800,132.370600,"Australia"
au_northernterritory_fogg_dam,"AU Northern Territory Fogg Dam",-12.542533,131.306883,"Australia"
au_northernterritory_fogg_dam_2,"AU Northern Territory Fogg Dam",-12.545200,131.307200,"Australia"
au_northernterritory_howard_springs,"AU Northern Territory Howard Springs",-12.824444,131.023056,"Australia"
au_northernterritory_howard_springs_2,"AU Northern Territory Howard Springs 2",-12.494300,131.152300,"Australia"
au_northernterritory_jabiru,"AU Northern Territory Jabiru",-12.660700,132.893100,"Australia"
au_northernterritory_litchfield,"AU Northern Territory Litchfield",-13.179042,130.794546,"Australia"
au_northernterritory_red_dirt_melon_farm,"AU Northern Territory Red Dirt Melon Farm",-14.563600,132.477600,"Australia"
au_northernterritory_sturt_plains,"AU Northern Territory Sturt Plains",-17.150800,133.350300,"Australia"
au_northernterritory_ti_tree_east,"AU Northern Territory Ti Tree East",-22.287000,133.640000,"Australia"
au_qld_lucinda,"AU QLD Lucinda",-18.519800,146.386100,"Australia"
au_queensland_birdsville,"AU Queensland Birdsville",-25.898930,139.345960,"Australia"
au_queensland_brisbane_uni_of_qld,"AU Queensland Brisbane University of Queensland",-27.497083,153.013611,"Australia"
au_queensland_cape_tribulation,"AU Queensland Cape Tribulation",-16.105556,145.377778,"Australia"
au_queensland_cow_bay,"AU Queensland Cow Bay",-16.103117,145.446917,"Australia"
au_queensland_daintree,"AU Queensland Daintree",-16.238190,145.427151,"Australia"
au_queensland_emerald_queensland_australia,"AU Queensland Emerald",-23.858700,148.474600,"Australia"
au_queensland_fletcherview_tropical_rangeland,"AU Queensland Fletcherview Tropical Rangeland",-19.887285,146.189138,"Australia"
au_queensland_longreach,"AU Queensland Longreach",-23.523231,144.310333,"Australia"
au_queensland_robson_creek_queensland_australia,"AU Queensland Robson Creek",-17.117500,145.630100,"Australia"
au_queensland_samford,"AU Queensland Samford",-27.388056,152.877778,"Australia"
au_queensland_virginia_park,"AU Queensland Virginia Park",-19.883333,146.553889,"Australia"
au_southaustralia_adelaide_site_7,"AU South Australia Adelaide Site 7",-34.725067,138.656483,"Australia"
au_southaustralia_calperum,"AU South Australia Calperum",-34.002717,140.587683,"Australia"
au_southaustralia_calperum_2,"AU South Australia Calperum",-34.002100,140.589100,"Australia"
au_southaustralia_loxton,"AU South Australia Loxton",-34.470400,140.655100,"Australia"
au_southaustralia_tinga_tingana,"AU South Australia Tinga Tingana",-28.975833,139.990933,"Australia"
au_tasmania_silver_plains,"AU Tasmania Silver Plains",-42.090300,147.088000,"Australia"
au_tasmania_warra,"AU Tasmania Warra",-43.095017,146.654517,"Australia"
au_unknown1_arm_macquarie_is,"AU ARM Macquarie Is",-54.499561,158.934581,"Australia"
au_victoria_alipine_peatland,"AU Victoria Alpine Peatland",-36.860700,147.320800,"Australia"
au_victoria_dargo,"AU Victoria Dargo",-37.133333,147.170833,"Australia"
au_victoria_falls_creek,"AU Victoria Falls Creek",-36.866867,147.345767,"Australia"
au_victoria_french_island,"AU Victoria French Island",-38.387900,145.278300,"Australia"
au_victoria_gatum_pasture,"AU Victoria Gatum Pasture",-37.390300,141.971600,"Australia"
au_victoria_melbourne_preston,"AU Victoria Melbourne Preston",-37.730564,145.014675,"Australia"
au_victoria_otway,"AU Victoria Otway",-38.532344,142.816806,"Australia"
au_victoria_riggs_creek,"AU Victoria Riggs Creek",-36.649900,145.575900,"Australia"
au_victoria_rushworth_creek,"AU Victoria Rushworth Creek",-36.753075,144.966306,"Australia"
au_victoria_wallaby_creek,"AU Victoria Wallaby Creek",-37.416667,145.183333,"Australia"
au_victoria_wallaby_creek_2,"AU Victoria Wallaby Creek",-37.425900,145.187800,"Australia"
au_victoria_watts_creek,"AU Victoria Watts Creek",-37.689498,145.684708,"Australia"
au_victoria_whroo,"AU Victoria Whroo",-36.673200,145.029400,"Australia"
au_victoria_wombat,"AU Victoria Wombat",-37.422222,144.094444,"Australia"
au_victoria_zigzag_creek,"AU Victoria Zigzag Creek",-37.473818,148.338558,"Australia"
au_westernaustralia_boyagin,"AU Western Australia Boyagin",-32.477093,116.938559,"Australia"
au_westernaustralia_collie,"AU Western Australia Collie",-33.420000,116.237000,"Australia"
au_westernaustralia_gnangara,"AU Western Australia Gnangara",-31.376389,115.713889,"Australia"
au_westernaustralia_great_western_woodlands,"AU Western Australia Great Western Woodlands",-30.191300,120.654100,"Australia"
au_westernaustralia_hamersley,"AU Western Australia Hamersley",-22.298056,117.694167,"Australia"
au_westernaustralia_lake_argyle,"AU Western Australia Lake Argyle",-16.108100,128.748500,"Australia"
au_westernaustralia_lake_lefroy,"AU Western Australia  Lake Lefroy",-31.255000,121.705000,"Australia"
au_westernaustralia_learmonth,"AU Western Australia  Learmonth",-22.240700,114.096700,"Australia"
au_westernaustralia_merredin,"AU Western Australia Merredin",-31.493056,118.226389,"Australia"
au_westernaustralia_milyering,"AU Western Australia Milyering",-22.029190,113.923080,"Australia"
au_westernaustralia_perth,"AU Western Australia Perth",-32.008056,115.893611,"Australia"
au_westernaustralia_ridgefield,"AU Western Australia Ridgefield",-32.506102,116.966827,"Australia"
au_westernaustralia_rottnest_island,"AU Western Australia Rottnest Island",-32.000103,115.501667,"Australia"
bb_saintmichael_barbados_saltrace,"BB Saint Michael Barbados SALTRACE",13.148513,-59.624839,"Barbados"
bb_saintphilip_ragged_point,"BB Saint Philip Ragged Point",13.165018,-59.432035,"Barbados"
bb_saintthomas_barbados,"BB Saint Thomas Barbados",13.150111,-59.616661,"Barbados"
bd_aligaon_bhola,"BD Aligaon Bhola",22.226680,90.756420,"Bangladesh"
bd_dhaka_dhaka_university,"BD Dhaka University",23.728390,90.398190,"Bangladesh"
bd_dhaka_mymensingh,"BD Dhaka Mymensingh",24.725278,90.040833,"Bangladesh"
bd_dhaka_mymensingh_flux_study_site,"BD Dhaka Mymensingh Flux Study Site",24.739348,90.426292,"Bangladesh"
be_antwerp_westmalle_1,"BE Antwerp Westmalle 1",51.296433,4.657248,"Belgium"
be_antwerp_westmalle_2,"BE Antwerp Westmalle 2",51.297470,4.662438,"Belgium"
be_bastogne_vielsalm,"BE Bastogne Vielsalm",50.304933,5.998115,"Belgium"
be_eastflanders_lochristi,"BE East Flanders Lochristi",51.112180,3.850430,"Belgium"
be_thornton_c_power,"BE Thornton C power",51.532500,2.955278,"Belgium"
be_uccle_brussels,"BE Uccle Brussels",50.783330,4.350000,"Belgium"
be_verviers_la_robinette_jalhay,"BE Verviers La Robinette Jalhay",50.563889,6.073333,"Belgium"
be_vlaanderen_brasschaat,"BE Vlaanderen Brasschaat",51.309200,4.520600,"Belgium"
be_vlaanderen_brasschaat_2,"BE Vlaanderen Brasschaat",51.307610,4.519840,"Belgium"
be_vlaanderen_de_inslag_brasschaat,"BE Vlaanderen De Inslag Brasschaat",51.333333,4.566667,"Belgium"
be_vlaanderen_maasmechelen,"BE Vlaanderen Maasmechelen",50.979868,5.631851,"Belgium"
be_wallonie_dorinne,"BE Wallonie Dorinne",50.311708,4.968306,"Belgium"
be_wallonie_lonzee,"BE Wallonie Lonzee",50.551620,4.746234,"Belgium"
bf_centralregion_boudtenga,"BF CentralRegion Boudtenga",12.460000,-1.250000,"Burkina Faso"
bf_ioba_bontioli,"BF Ioba Bontioli",10.865556,-3.072778,"Burkina Faso"
bf_kadiogo_ouagadougou,"BF Kadiogo Ouagadougou",12.424130,-1.487230,"Burkina Faso"
bg_galata_platform,"BG Galata Platform",43.044624,28.193190,"Bulgaria"
bg_smolyan_rozhen,"BG Smolyan Rozhen",41.694700,24.738700,"Bulgaria"
bg_starazagora_chirpan,"BG Stara Zagora Chirpan",42.214900,25.281700,"Bulgaria"
bh_bahrain,"BH  Bahrain",26.208050,50.609267,"Bahrain"
bi_bujumbura_bujumbura,"BI Bujumbura Bujumbura",-3.380000,29.383830,"Burundi"
bj_collines_kitcube_save,"BJ Collines KITcube Save",8.000928,2.427925,"Benin"
bj_donga_djougou,"BJ Donga Djougou",9.760070,1.599010,"Benin"
bj_donga_nangatchori,"BJ Donga Nangatchori",9.646983,1.740883,"Benin"
bm_southamptonparish_tudor_hill,"BM Southampton Parish Tudor Hill",32.264000,-64.879000,"Bermuda"
bn_temburong_kuala_belalong,"BN Temburong Kuala Belalong",4.538400,115.154000,"Brunei"
bo_elalto_el_alto-altiplano,"BO El Alto El Alto-Altiplano",-16.509970,-68.198580,"Bolivia"
bo_lapaz_mount_chacaltaya,"BO La Paz Mount Chacaltaya",-16.350139,-68.131500,"Bolivia"
bo_lapaz_umsa,"BO La Paz UMSA",-16.539000,-68.066470,"Bolivia"
bo_santacruz_el_refugio,"BO Santa Cruz El Refugio",-14.766388,-62.034722,"Bolivia"
bo_santacruz_flor_de_oro,"BO Santa Cruz Flor De Oro",-13.553056,-61.013889,"Bolivia"
bo_santacruz_santa_cruz,"BO Santa Cruz",-17.802133,-63.177717,"Bolivia"
bo_santacruz_santa_cruz_utepsa,"BO Santa Cruz UTEPSA",-17.767325,-63.200961,"Bolivia"
br_acre_rio_branco,"BR Acre Rio Branco",-9.957467,-67.869350,"Brazil"
br_amazonas_amazon_atto_tower,"BR Amazonas Amazon ATTO Tower",-2.144117,-58.999867,"Brazil"
br_amazonas_arm_manacapuru,"BR Amazonas ARM Manacapuru",-3.212972,-60.598056,"Brazil"
br_amazonas_balbina,"BR Amazonas Balbina",-1.916983,-59.486800,"Brazil"
br_amazonas_manaus,"BR Amazonas Manaus",-2.599080,-60.038640,"Brazil"
br_amazonas_manaus_2,"BR Amazonas Manaus",-2.441700,-59.785800,"Brazil"
br_amazonas_manaus__zf2_c14,"BR Amazonas Manaus ZF2 C14",-2.589203,-60.114903,"Brazil"
br_amazonas_manaus__zf2_k34,"BR Amazonas Manaus ZF2 K34",-2.609097,-60.209297,"Brazil"
br_amazonas_manaus_embrapa,"BR Amazonas Manaus EMBRAPA",-2.890528,-59.969778,"Brazil"
br_amazonas_sao_gabriel_da_cachoeira,"BR Amazonas Sao Gabriel da Cachoeira",0.212333,-66.764733,"Brazil"
br_amazonas_sao_gabriel_da_cachoeira,"São Gabriel da Cachoeira (Balaio Indigenous Reserve, Pico da Neblina National Park)",0.210100,-66.752900,"Brazil"
br_amazonas_zf3_colosso_farm,"ZF3, Colosso farm",-2.390700,-59.883500,"Brazil"
br_distritofederal_aguas_emendadas,"BR Distrito Federal Aguas Emendadas",-15.581750,-47.656300,"Brazil"
br_distritofederal_park_brasilia,"BR Distrito Federal Park Brasilia",-15.743333,-47.916668,"Brazil"
br_goias_alianca,"BR Goias Alianca",-14.733333,-47.533333,"Brazil"
br_matogrosso_agri_school,"BR Mato Grosso Agri School",-10.080833,-56.180279,"Brazil"
br_matogrosso_alta_floresta,"BR Mato Grosso Alta Floresta",-9.871339,-56.104453,"Brazil"
br_matogrosso_capuaba_farm,"BR Mato Grosso Capuaba farm",-13.287500,-56.088200,"Brazil"
br_matogrosso_chapada,"BR Mato Grosso Chapada",-15.360644,-55.830143,"Brazil"
br_matogrosso_cuiaba_brazil,"BR Mato Grosso Cuiaba Brazil",-15.555244,-56.070214,"Brazil"
br_matogrosso_cuiaba_miranda,"BR Mato Grosso Cuiaba Miranda",-15.729500,-56.020800,"Brazil"
br_matogrosso_pantanal,"BR Mato Grosso Pantanal",-16.395500,-56.621833,"Brazil"
br_matogrosso_pantanal_wetland,"BR Mato Grosso Pantanal Wetland",-16.498000,-56.412000,"Brazil"
br_matogrosso_sinop_mato_grosso,"BR Mato Grosso Sinop",-11.412292,-55.324703,"Brazil"
br_matogrossodosul_campo_grande_sonda,"BR Mato Grosso do Sul Campo Grande SONDA",-20.438300,-54.538100,"Brazil"
br_matogrossodosul_southern_pantanal_wetland,"Southern Pantanal Wetland",-19.565000,-57.018000,"Brazil"
br_minasgerais_itajuba,"BR Minas Gerais Itajuba",-22.413250,-45.452389,"Brazil"
br_minasgerais_pandeiros,"BR Minas Gerais Pandeiros",-14.848278,-43.987972,"Brazil"
br_minasgerais_parque_stadual_de_mata_seca,"BR Minas Gerais Parque Stadual de Mata Seca",-14.878227,-43.987578,"Brazil"
br_para_amazonian_mangroves,"BR Para Amazonian mangroves",-0.666100,-47.283300,"Brazil"
br_para_belterra,"BR Para Belterra",-2.648483,-54.951650,"Brazil"
br_para_braganca_para,"BR Para Braganca Para",-0.723708,-48.508097,"Brazil"
br_para_caxiuana_forest_almeirim,"BR Para Caxiuana Forest Almeirim",-1.719720,-51.459000,"Brazil"
br_para_santarem_km67_primary_forest,"BR Para Santarem Km67 Primary Forest",-2.856700,-54.958900,"Brazil"
br_para_santarem_km77_pasture,"BR Para Santarem Km77 Pasture",-3.011900,-54.536499,"Brazil"
br_para_santarem_km83_logged_forest,"BR Para Santarem Km83 Logged Forest",-3.018029,-54.971435,"Brazil"
br_para_tukurui,"BR Para Tukurui",-3.716666,-49.683331,"Brazil"
br_pernambuco_caatinga_serra_talhada,"BR Pernambuco Caatinga Serra Talhada",-7.968200,-38.384200,"Brazil"
br_pernambuco_petrolina_sonda,"BR Pernambuco Petrolina SONDA",-9.069100,-40.320110,"Brazil"
br_praiso_do_sul,"BR Paraiso do Sul",-29.743974,-53.150333,"Brazil"
br_riodejaneiro_rio_de_janeiro_ufrj,"BR Rio de Janeiro UFRJ",-22.857306,-43.233806,"Brazil"
br_riograndedonorte_natal,"BR Rio Grande do Norte Natal",-5.841500,-35.199500,"Brazil"
br_riograndedosul_sao_martinho_da_serra,"BR Rio Grande do Sul Martinho da Serra",-29.442800,-53.823100,"Brazil"
br_rondoni_ji_parana,"BR Rondoni Ji Parana",-10.860000,-61.799999,"Brazil"
br_rondonia_ariquiums,"BR Rondonia Ariquiums",-9.916667,-63.033332,"Brazil"
br_rondonia_jaru,"BR Rondonia Jaru",-10.386164,-62.547749,"Brazil"
br_rondonia_jaru_reserve,"BR Rondonia Jaru Reserve",-10.083333,-61.933333,"Brazil"
br_rondonia_jaru_town,"BR Rondonia Jaru Town",-10.443056,-62.467778,"Brazil"
br_rondonia_ji_parana_se,"BR Rondonia Ji Parana SE",-10.934250,-61.851517,"Brazil"
br_rondonia_ji_parana_unir,"BR Rondonia Ji Parana UNIR",-10.883333,-61.966667,"Brazil"
br_rondonia_porto_velho_unir,"BR Rondonia Porto Velho UNIR",-8.837083,-63.939983,"Brazil"
br_rondonia_potosi_mine,"BR Rondonia Potosi Mine",-9.283333,-62.866670,"Brazil"
br_rondonia_repressa_samuel,"BR Rondonia Repressa Samuel",-8.755167,-63.459333,"Brazil"
br_rondonia_rond__faz_nossa_senhora_ji_parana_pasture,"BR Rondonia Rond Faz Nossa Senhora Ji Parana pasture",-10.761800,-62.357201,"Brazil"
br_rondonia_rond__rebio_jaru_ji_parana_tower_a,"BR Rondonia Rond Rebio Jaru Ji Parana Tower A",-10.083200,-61.930901,"Brazil"
br_rondonia_rond__rebio_jaru_ji_parana_tower_b,"BR Rondonia Rond Rebio Jaru Ji Parana Tower B",-10.078056,-61.933097,"Brazil"
br_santacatarina_florianopolis,"BR Santa Catarina Florianopolis",-27.604700,-48.522700,"Brazil"
br_saopaolo_universidade_sao_paolo,"BR Sao Paolo Universidade Sao Paolo",-23.481630,-46.499670,"Brazil"
br_saopaulo_atlantic_forest_sao_paulo,"BR Sao Paulo Atlantic Forest",-23.328472,-45.093111,"Brazil"
br_saopaulo_eucaliptus_sao_paulo,"BR Sao Paulo Eucaliptus",-21.583500,-47.602306,"Brazil"
br_saopaulo_eucaplytus_plantation,"BR Sao Paulo Eucaplytus plantation",-22.967200,-48.728000,"Brazil"
br_saopaulo_ilha_do_cardoso,"BR Sao Paulo Ilha do Cardoso",-25.095500,-47.957300,"Brazil"
br_saopaulo_sao_paulo,"BR Sao Paulo",-23.561500,-46.734983,"Brazil"
br_saopaulo_sao_paulo_cerrado,"BR Sao Paulo Cerrado",-21.619499,-47.649899,"Brazil"
br_saopaulo_sao_paulo_sugar_cane,"BR Sao Paulo Sugar Cane",-21.637056,-47.790250,"Brazil"
br_tocantins_ecotone_bananal_island,"BR Tocantins Ecotone Bananal Island",-9.824420,-50.159100,"Brazil"
bw_centraldistrict_sua_pan,"BW Central District Sua Pan",-20.533333,26.066667,"Botswana"
bw_ghanzi_grass_site,"BW Ghanzi Grass Site",-21.510000,21.740000,"Botswana"
bw_ghanzi_mixed_site,"BW Ghanzi Mixed Site",-21.200001,21.750000,"Botswana"
bw_ghanzidistrict_ghanziokwa_river_crossing,"BW Ghanzi District Ghanzi Okwa River Crossing",-22.409167,21.713056,"Botswana"
bw_ngamiland_guma,"BW Ngamiland Guma",-18.964722,22.371111,"Botswana"
bw_ngamiland_kavimba,"BW Ngamiland Kavimba",-18.107600,24.637000,"Botswana"
bw_ngamiland_maun_kalahari_transect,"BW Ngamiland Maun Kalahari Transect",-19.923000,23.594000,"Botswana"
bw_ngamiland_nxaraga,"BW Ngamiland Nxaraga",-19.548056,23.179167,"Botswana"
bw_ngamilandeast_maun_tower,"BW Ngamiland East Maun Tower",-19.900000,23.550000,"Botswana"
bw_north-westdistrict_maun_floodplain,"BW North West District Maun Floodplain",-19.607592,23.286931,"Botswana"
bw_north-westdistrict_maun_mopane_woodland,"BW North West District Maun Mopane Woodland",-19.916500,23.560333,"Botswana"
by_minsk_nasb,"BY Minsk nasb",53.920000,27.601000,"Belarus"
ca_alberta_alberta__mixed_grass_prairie,"CA Alberta Mixed Grass Prairie",49.709300,-112.940200,"Canada"
ca_alberta_fort_mckay,"CA Alberta Fort McKay",57.183500,-111.640000,"Canada"
ca_alberta_fort_mcmurray,"CA Alberta Fort McMurray",56.752306,-111.476139,"Canada"
ca_alberta_mattheis_ranch_e3_south,"CA Alberta Mattheis Ranch E3 South",50.867100,-111.904500,"Canada"
ca_alberta_mattheis_ranch_e5_north,"CA Alberta Mattheis Ranch E5 North",50.905600,-111.882300,"Canada"
ca_alberta_peace_river,"CA Alberta Peace River",56.234167,-117.552564,"Canada"
ca_alberta_suffield,"CA Alberta Suffield",50.281550,-111.130771,"Canada"
ca_alberta_univ_of_lethbridge,"CA Alberta Univ of Lethbridge",49.681672,-112.868967,"Canada"
ca_alberta_western_peatland_labiche_river,"CA Alberta Western Peatland La Biche River Black Spruce Larch Fen",54.953840,-112.466980,"Canada"
ca_alberta_western_peatland_poor_fen_sphagnum_moss,"CA Alberta Western Peatland Poor Fen Sphagnum moss",55.537500,-112.334300,"Canada"
ca_alberta_western_peatland_rich_fen_carex,"CA Alberta Western Peatland Rich Fen Carex",54.470000,-113.320000,"Canada"
ca_britishcolumbia_1949_douglas_fir_stand,"CA British Columbia 1949 Douglas fir 57 year old stand",49.867250,-125.333600,"Canada"
ca_britishcolumbia_bc_campbell_river_1988_douglas_fir,"CA British Columbia Campbell River 1988 Douglas fir",49.534620,-124.900440,"Canada"
ca_britishcolumbia_bc_campbell_river_2000_douglas_fir,"CA British Columbia Campbell River 2000 Douglas fir",49.870480,-125.290870,"Canada"
ca_britishcolumbia_british_columbia-mountain_pine_beetle-attacked_lodgepole_pine_stand_,"British Columbia - Mountain pine beetle-attacked lodgepole pine stand",55.111900,-122.841400,"Canada"
ca_britishcolumbia_delta_burns_bog,"CA British Columbia Delta Burns Bog",49.129300,-122.984900,"Canada"
ca_britishcolumbia_delta_burns_bog2,"CA British Columbia Delta Burns Bog 2",49.118980,-122.995100,"Canada"
ca_britishcolumbia_delta_salt_marsh,"CA British Columbia Delta Salt Marsh",49.088700,-122.895400,"Canada"
ca_britishcolumbia_estevan_point,"CA British Columbia Estevan Point",49.583333,-126.366667,"Canada"
ca_britishcolumbia_kelowna,"CA British Columbia Kelowna",49.955333,-119.373000,"Canada"
ca_britishcolumbia_kelowna_uas,"CA British Columbia Kelowna UAS",49.941294,-119.400111,"Canada"
ca_britishcolumbia_light_industrial,"CA British Columbia Light Industrial",49.266690,-123.105701,"Canada"
ca_britishcolumbia_lodgepole_pine,"CA British Columbia Lodgepole Kennedy Siding Ungulate Winter Range pine 2 year old salvage logged site planted 2006",55.092500,-122.869440,"Canada"
ca_britishcolumbia_lodgepole_pine_7_year_old_clearcut,"CA British Columbia Lodgepole Kennedy Siding Ungulate Winter Range pine 7 year old clearcut natural regeneration",55.111667,-122.818050,"Canada"
ca_britishcolumbia_lodgepole_pine_mpb_attack_2004,"CA British Columbia Lodgepole Crooked River Provincial Park pine initial MPB attack 80 to 100 year old stand 2004",54.473611,-122.711940,"Canada"
ca_britishcolumbia_lodgepole_pine_mpb_attack_2006,"CA British Columbia Lodgepole Kennedy Siding Ungulate Winter Range pine initial MPB attack 80 to 100 year old stand 2006",55.111944,-122.839720,"Canada"
ca_britishcolumbia_mt_robson,"CA British Columbia Mt Robson",53.033000,-119.199700,"Canada"
ca_britishcolumbia_oakridge,"CA British Columbia Oakridge",49.230563,-123.132894,"Canada"
ca_britishcolumbia_richmond_brackish_marsh,"CA British Columbia Richmond Brackish Marsh",49.131300,-123.196400,"Canada"
ca_britishcolumbia_saturn_island,"CA British Columbia Saturn Island",48.775250,-123.128180,"Canada"
ca_britishcolumbia_sunset,"CA British Columbia Sunset",49.226125,-123.078436,"Canada"
ca_britishcolumbia_westham_island,"CA British Columbia Westham Island",49.086300,-123.176800,"Canada"
ca_manitoba_agricultural_site_1,"CA Manitoba Agricultural Site 1",50.164500,-97.876200,"Canada"
ca_manitoba_agricultural_site_2,"CA Manitoba Agricultural Site 2",50.171000,-97.876200,"Canada"
ca_manitoba_agricultural_site_3,"CA Manitoba Agricultural Site 3",50.177400,-97.868600,"Canada"
ca_manitoba_churchill_fen_site_1,"CA Manitoba Churchill Fen Site 1",58.665800,-93.830000,"Canada"
ca_manitoba_flin_flon,"CA Manitoba FLIN FLON",54.669998,-101.690002,"Canada"
ca_manitoba_newdale,"CA Manitoba Newdale",50.362300,-100.202400,"Canada"
ca_manitoba_northern_old_black_spruce,"CA Manitoba Northern Old Black Spruce",55.879600,-98.480800,"Canada"
ca_manitoba_oak_hammock_marsh,"CA Manitoba Oak Hammock Marsh",50.173800,-97.123100,"Canada"
ca_manitoba_shoal_lake,"CA Manitoba Shoal Lake",50.370600,-100.533900,"Canada"
ca_manitoba_thompson,"CA Manitoba Thompson",55.799999,-97.849998,"Canada"
ca_manitoba_uci_1850,"CA Manitoba UCI 1850",55.879167,-98.483889,"Canada"
ca_manitoba_uci_1850_2,"CA Manitoba UCI 1850",55.879200,-98.483900,"Canada"
ca_manitoba_uci_1930,"CA Manitoba UCI 1930",55.905833,-98.524722,"Canada"
ca_manitoba_uci_1964,"CA Manitoba UCI 1964",55.911667,-98.382222,"Canada"
ca_manitoba_uci_1964_burn_site_wet,"CA Manitoba UCI 1964 burn site wet",55.914400,-98.380600,"Canada"
ca_manitoba_uci_1981_burn_site,"CA Manitoba UCI 1981 burn site",55.863100,-98.485000,"Canada"
ca_manitoba_uci_1989,"CA Manitoba UCI 1989",55.916667,-98.964444,"Canada"
ca_manitoba_uci_1989_2,"CA Manitoba UCI 1989",55.916700,-98.964400,"Canada"
ca_manitoba_uci_1998,"CA Manitoba UCI 1998",56.635833,-99.948333,"Canada"
ca_manitoba_uci_2003,"CA Manitoba UCI 2003",55.898056,-98.216111,"Canada"
ca_newbrunswick_1975_balsam_fir_nashwaak,"CA New Brunswick 1975 Balsam Fir Nashwaak Lake site Young balsam fir forest thinned fall 2004",46.475800,-67.076900,"Canada"
ca_newbrunswick_acadia_research_forest,"CA New Brunswick Acadia Research Forest",46.009200,-66.362700,"Canada"
ca_newbrunswick_charlie_lake_site_01_immature_balsam_fir,"CA New Brunswick Charlie Lake site 01 immature balsam fir",45.884700,-67.356900,"Canada"
ca_newbrunswick_nashwaak_lake_site,"CA New Brunswick Nashwaak Lake site 01 Mature balsam fir forest",46.473840,-67.099330,"Canada"
ca_newbrunswick_nashwaak_lake_site_01_mature_balsam_fir,"CA New Brunswick Nashwaak Lake Site 01 Mature balsam fir",46.472200,-67.100000,"Canada"
ca_nl_robinsons_natural_bog,"CA NL Robinsons Natural Bog",48.260400,-58.663200,"Canada"
ca_nl_robinsons_peatland_pasture,"CA NL Robinsons Peatland Pasture",48.263200,-58.667000,"Canada"
ca_northwestterritories_daring_lake__fen,"CA Northwest Territories Daring Lake Fen",64.864800,-111.567700,"Canada"
ca_northwestterritories_daring_lake__mixed_tundra,"CA Northwest Territories Daring Lake Mixed Tundra",64.868900,-111.574800,"Canada"
ca_northwestterritories_daring_lake_fen_2,"CA Northwest Territories Daring Lake Fen",64.864800,-111.574800,"Canada"
ca_northwestterritories_havikpak_creek,"CA Northwest Territories Havikpak Creek",68.320300,-133.518800,"Canada"
ca_northwestterritories_scotty_creek_bog,"CA Northwest Territories Scotty Creek Bog",61.308900,-121.298400,"Canada"
ca_northwestterritories_scotty_creek_landscape,"CA Northwest Territories Scotty Creek Landscape",61.307900,-121.299200,"Canada"
ca_northwestterritories_smith_creek,"CA Northwest Territories Smith Creek",63.153400,-123.252200,"Canada"
ca_northwestterritories_yellowknife,"CA Northwest Territories Yellowknife",62.452433,-114.407150,"Canada"
ca_northwestterritories_yellowknife_aurora,"CA Northwest Territories Yellowknife Aurora",62.451300,-114.376250,"Canada"
ca_novascotia_halifax,"CA Nova Scotia Halifax",44.638000,-63.594000,"Canada"
ca_novascotia_kejimkujik,"CA Nova Scotia Kejimkujik",44.383333,-65.283300,"Canada"
ca_novascotia_sable_island,"CA Nova Scotia Sable Island",43.933333,-60.016667,"Canada"
ca_nunavut_alert,"CA Nunavut Alert",82.866700,-64.583300,"Canada"
ca_nunavut_iqaluit,"CA Nunavut Iqaluit",63.747575,-68.542997,"Canada"
ca_nunavut_opal,"CA Nunavut OPAL",79.990278,-85.939167,"Canada"
ca_nunavut_pearl,"CA Nunavut PEARL",80.053611,-86.416944,"Canada"
ca_nunavut_resolute_bay,"CA Nunavut Resolute Bay",74.705120,-94.969410,"Canada"
ca_ontario_attawapiskat_river_bog,"CA Ontario Attawapiskat River Bog",52.695000,-83.945200,"Canada"
ca_ontario_attawapiskat_river_fen,"CA Ontario Attawapiskat River Fen",52.700800,-83.955000,"Canada"
ca_ontario_egbert,"CA Ontario Egbert",44.233333,-79.783333,"Canada"
ca_ontario_elora_research_station,"CA Ontario Elora Research Station",43.640500,-80.412300,"Canada"
ca_ontario_elora_research_station,"Elora Research Station",43.641900,-80.414000,"Canada"
ca_ontario_fraserdale,"CA Ontario Fraserdale",49.883333,-81.566667,"Canada"
ca_ontario_groundhog_river_boreal_mixedwood_forest,"CA Ontario Groundhog River Boreal Mixedwood Forest",48.216700,-82.155600,"Canada"
ca_ontario_groundhog_river_station,"CA Ontario Groundhog River Station",48.217380,-82.155530,"Canada"
ca_ontario_haliburton_forest,"CA Ontario Haliburton Forest",45.290100,-78.637700,"Canada"
ca_ontario_juvenile_mixedwood,"CA Ontario Juvenile Mixedwood",48.133000,-81.628000,"Canada"
ca_ontario_kinoje_lake_peatland,"CA Ontario Kinoje Lake Peatland",51.590200,-81.768400,"Canada"
ca_ontario_luther_marsh_wildlife_management_area,"CA Ontario Luther Marsh Wildlife Management Area",43.920100,-80.405200,"Canada"
ca_ontario_mixed_deciduous_borden_forest_site,"CA Ontario Mixed Deciduous Borden Forest Site",44.316700,-79.933300,"Canada"
ca_ontario_on_borden_mixedwood,"CA Ontario Borden Mixedwood",44.318500,-79.934200,"Canada"
ca_ontario_on_mer_bleue_eastern_peatland,"CA Ontario Mer Bleue Eastern Peatland",45.409400,-75.518700,"Canada"
ca_ontario_ontario__turkey_point_mature_deciduous,"CA Ontario Turkey Point Mature Deciduous",42.635300,-80.557700,"Canada"
ca_ontario_pickle_lake,"CA Ontario Pickle Lake",51.449444,-90.217500,"Canada"
ca_ontario_plot_3_field_crops_elora_research_station,"CA Ontario Plot 3, field crops, Elora Research Station",43.640800,-80.414100,"Canada"
ca_ontario_queens_university,"CA Ontario Queens University",44.565000,-76.324000,"Canada"
ca_ontario_rochester,"CA Ontario Rochester",44.233700,-77.586400,"Canada"
ca_ontario_toronto,"CA Ontario Toronto",43.783333,-79.466667,"Canada"
ca_ontario_turkey_point_1939_plantation_white_pine,"CA Ontario Turkey Point 1939 Plantation White Pine",42.710200,-80.357400,"Canada"
ca_ontario_turkey_point_mature_forests_site,"CA Ontario Turkey Point Mature forests site",42.709800,-80.357400,"Canada"
ca_ontario_turkey_point_middle_aged_site,"CA Ontario Turkey Point Middle aged site",42.706800,-80.348300,"Canada"
ca_ontario_turkey_point_seedling_site,"CA Ontario Turkey Point Seedling site",42.660900,-80.559500,"Canada"
ca_ontario_turkey_point_young_site,"CA Ontario Turkey Point Young site",42.774400,-80.458800,"Canada"
ca_quebec_1975_harvested_black_spruce,"CA Quebec 1975 Black Spruce harvested",49.759840,-74.571100,"Canada"
ca_quebec_bernatchez,"CA Quebec Bernatchez",48.859000,-70.339000,"Canada"
ca_quebec_bouleau_peatland,"CA Quebec Bouleau Peatland",50.524400,-63.206400,"Canada"
ca_quebec_cartel,"CA Quebec CARTEL",45.379333,-71.931333,"Canada"
ca_quebec_chapais,"CA Quebec Chapais",49.822433,-74.975400,"Canada"
ca_quebec_chibougamau,"CA Quebec Chibougamau",49.683333,-74.333333,"Canada"
ca_quebec_cprs_black_sprucejack_pine_cutover,"CA Quebec CPRS Black Spruce Jack Pine Cutover",49.267080,-74.036530,"Canada"
ca_quebec_kuujjuarapik,"CA Quebec Kuujjuarapik",55.280000,-77.760000,"Canada"
ca_quebec_lac_clair,"CA Quebec Lac Clair",46.952092,-71.669578,"Canada"
ca_quebec_lac_laflamme,"CA Quebec Lac LaFlamme",47.322678,-71.121453,"Canada"
ca_quebec_laurentides,"CA Quebec Laurentides",45.988100,-74.005500,"Canada"
ca_quebec_mature_black_spruce_forest,"CA Quebec Mature Black Spruce Forest",49.692470,-74.342040,"Canada"
ca_quebec_mirage,"CA Quebec Mirage",53.798000,-72.867000,"Canada"
ca_quebec_mistassibi,"CA Quebec Mistassibi",49.732000,-71.948000,"Canada"
ca_quebec_monts_valin,"CA Quebec Monts Valin",49.000000,-71.383000,"Canada"
ca_quebec_river_daniel,"CA Quebec River Daniel",50.696000,-72.183000,"Canada"
ca_quebec_roxboro,"CA Quebec Roxboro",45.500837,-73.810750,"Canada"
ca_quebec_rue_des_ecores,"CA Quebec Rue des Ecores",45.547063,-73.592391,"Canada"
ca_quebec_rue_fabre,"CA Quebec Rue Fabre",45.544663,-73.603108,"Canada"
ca_quebec_simoncouche_parc_des_laurentides,"CA Quebec Simoncouche Parc des Laurentides",48.229000,-71.253000,"Canada"
ca_saskatchewan_bratts_lake,"CA Saskatchewan Bratts Lake",50.204238,-104.713013,"Canada"
ca_saskatchewan_fen,"CA Saskatchewan Fen",53.802060,-104.617980,"Canada"
ca_saskatchewan_fire_1977,"CA Saskatchewan Fire 1977",54.485030,-105.817570,"Canada"
ca_saskatchewan_fire_1989,"CA Saskatchewan Fire 1989",54.253920,-105.877500,"Canada"
ca_saskatchewan_fire_1998,"CA Saskatchewan Fire 1998",54.091560,-106.005260,"Canada"
ca_saskatchewan_harvested_jack_pine_1975,"CA Saskatchewan Harvested Jack Pine 1975",53.875831,-104.645201,"Canada"
ca_saskatchewan_harvested_jack_pine_1994,"CA Saskatchewan Harvested Jack Pine 1994",53.908408,-104.655885,"Canada"
ca_saskatchewan_harvested_jack_pine_1994_2,"CA Saskatchewan Harvested Jack Pine 1994",53.908000,-104.656000,"Canada"
ca_saskatchewan_harvested_jack_pine_2002,"CA Saskatchewan Harvested Jack Pine 2002",53.944737,-104.649340,"Canada"
ca_saskatchewan_old_aspen,"CA Saskatchewan Old Aspen",53.628890,-106.197790,"Canada"
ca_saskatchewan_old_black_spruce,"CA Saskatchewan Old Black Spruce",53.987170,-105.117790,"Canada"
ca_saskatchewan_prince_albert,"CA Saskatchewan Prince Albert",53.200001,-105.699997,"Canada"
ca_saskatchewan_ssa_yjp_boreas,"CA Saskatchewan SSA YJP BOREAS",53.674999,-104.650002,"Canada"
ca_saskatchewan_waskesiu,"CA Saskatchewan Waskesiu",53.914390,-106.069580,"Canada"
ca_saskatchewan_western_boreal_mature_jack_pine,"CA Saskatchewan Western Boreal Mature Jack Pine",53.916300,-104.692000,"Canada"
ca_yukonterritory_kluane_lake,"CA Yukon Territory Kluane Lake",61.027000,-138.410000,"Canada"
cd_orientale_yangambi,"CD Orientale Yangambi",0.814473,24.502526,"Democratic Republic of the Congo"
cg_ituri_ituri,"CG Ituri Ituri",1.436800,28.582600,"Congo"
cg_kouilou_hinda,"CG Kouilou Hinda",-4.681111,12.003611,"Congo"
cg_kouilou_kissoko,"CG Kouilou Kissoko",-4.791389,11.982222,"Congo"
cg_kouilou_tchizalamou,"CG Kouilou Tchizalamou",-4.289167,11.656417,"Congo"
ch_aargau_laegeren,"CH Aargau Laegeren",47.480278,8.351389,"Switzerland"
ch_aargau_laegern,"CH Aargau Laegern",47.478083,8.365000,"Switzerland"
ch_basel-landschaft_allschwil,"CH Basel Landschaft Allschwil",47.555277,7.561528,"Switzerland"
ch_basel_stadt_aeschenplatz,"CH Basel Stadt Aeschenplatz",47.551192,7.595564,"Switzerland"
ch_basel_stadt_klingelbergstrasse,"CH Basel Stadt Klingelbergstrasse",47.561680,7.580466,"Switzerland"
ch_basel_stadt_sperrstrasse,"CH Basel Stadt Sperrstrasse",47.565782,7.596561,"Switzerland"
ch_bern-berne_oensingen,"CH Bern Berne Oensingen",47.016667,7.066667,"Switzerland"
ch_bern_rietholzbach,"CH Bern Rietholzbach",47.380450,8.993480,"Switzerland"
ch_graubunden-grigioni-grischun_alp_weissenstein,"CH Graubunden Grigioni Grischun Alp Weissenstein",46.583194,9.790417,"Switzerland"
ch_graubunden-grigioni-grischun_davos,"CH Graubunden Grigioni Grischun Davos",46.812917,9.843800,"Switzerland"
ch_graubunden-grigioni-grischun_davos_seehorn_forest,"CH Graubunden Grigioni Grischun Davos Seehorn forest",46.815333,9.855917,"Switzerland"
ch_graubunden-grigioni-grischun_dischma,"CH Graubunden Grigioni Grischun Dischma",46.789699,9.864438,"Switzerland"
ch_holstein_swiss_canopy_crane_II,"CH Holstein Swiss Canopy Crane II",47.438600,7.776200,"Switzerland"
ch_schwyz_seebodenalp,"CH Schwyz Seebodenalp",47.066667,8.466667,"Switzerland"
ch_schwyz_seebodenalp_2,"CH Schwyz Seebodenalp",47.056700,8.464400,"Switzerland"
ch_solothurn_oensingen_crop,"CH Solothurn Oensingen crop",47.286306,7.734333,"Switzerland"
ch_solothurn_oensingen_grassland,"CH Solothurn Oensingen grassland",47.285833,7.731944,"Switzerland"
ch_uri_furka,"CH Uri Furka",46.577752,8.421466,"Switzerland"
ch_valais-wallis_jungfrau,"CH Valais Wallis JUNGFRAU",46.548056,7.983889,"Switzerland"
ch_zug_chamau_grassland,"CH Zug Chamau grassland",47.210222,8.410444,"Switzerland"
ch_zug_fruebuel_grassland,"CH Zug Fruebuel grassland",47.115833,8.537778,"Switzerland"
ci_lagunes_lamto,"CI Lagunes Lamto",6.224444,-5.027778,"Cote D'Ivoire"
cl_araucania_temuco-ufro_cefop,"CL Araucania Temuco-UFRO CEFOP",-38.745800,-72.615530,"Chile"
cl_iiregiondeantofagasta_paposo,"CL IIRegionde Antofagasta Paposo",-25.007167,-70.450111,"Chile"
cl_ivregiondecoquimbo_las_cardes,"CL IV Region de Coquimbo Las Cardes",-30.250833,-71.257778,"Chile"
cl_loslagos_senda_darwin_forest,"CL Los Lagos Senda Darwin Forest",-41.883000,-73.676000,"Chile"
cl_loslagos_senda_darwin_peatland,"CL Los Lagos Senda Darwin Peatland",-41.879000,-73.666000,"Chile"
cl_regionmetropolitanadesantiago_santiago,"CL Region Metropolitana de Santiago Santiago",-33.489633,-70.717033,"Chile"
cl_regionmetropolitanadesantiago_santiago_beauchef,"CL Region Metropolitana de Santiago Santiago Beauchef",-33.457222,-70.661666,"Chile"
cl_viiiregiondelbiobio_udeconcepcion_cefop,"CL VIII Region del Biobio Ude Concepcion CEFOP",-36.842780,-73.025310,"Chile"
cl_xivregiondelosrios_alerce_costero_national_park,"CL XIV Region de Los Rios Alerce Costero National Park",-40.172267,-73.445203,"Chile"
cl_xvregiondearicayparinacota_arica,"CL XV Region de Aricay Parinacota Arica",-18.471667,-70.313333,"Chile"
cm_bamenda_catuc_bamenda,"CM Bamenda CATUC Bamenda",5.949100,10.156300,"Cameroon"
cm_mundemba_korup,"CM Mundemba Korup",5.073900,8.854700,"Cameroon"
cn_anhui_hefei,"CN Anhui Hefei",31.904722,117.162222,"China"
cn_anhui_huaining,"CN Anhui Huaining",33.000000,117.000000,"China"
cn_anhui_shouxian,"CN Anhui Shouxian",32.558383,116.781950,"China"
cn_beijing_beijing,"CN Beijing",39.976890,116.381370,"China"
cn_beijing_beijing_2002,"CN Beijing 2002",39.933333,116.283333,"China"
cn_beijing_beijing_cams,"CN Beijing CAMS",39.933330,116.316670,"China"
cn_beijing_beijing_daxing,"CN Beijing Daxing",39.530602,116.251999,"China"
cn_beijing_beijing_radi,"CN Beijing RADI",40.004800,116.378600,"China"
cn_beijing_donglingshan,"CN Beijing Donglingshan",39.956600,115.424900,"China"
cn_beijing_pku,"CN Beijing PKU",39.992000,116.310200,"China"
cn_dongsha_island,"CN Dongsha Island",20.698556,116.728833,"China"
cn_dongtan_1,"CN Dongtan 1",31.516701,121.960999,"China"
cn_dongtan_2,"CN Dongtan 2",31.584700,121.903000,"China"
cn_dongtan_3,"CN Dongtan 3",31.516667,121.966667,"China"
cn_fujian_zhanjiang_zhangjiangkou,"CN Fujian Zhanjiang Zhangjiangkou",23.906444,117.402806,"China"
cn_gansu_arou_freeze_thaw_observation_station,"CN Gansu Arou Freeze Thaw Observation Station",38.047306,100.464333,"China"
cn_gansu_daman_paddy_rice,"CN Gansu Daman Paddy Rice",38.855556,100.372278,"China"
cn_gansu_dunhuang_lzu,"CN Gansu Dunhuang LZU",40.492370,94.955030,"China"
cn_gansu_haibei_meadow,"CN Gansu Haibei Meadow",37.612767,101.312800,"China"
cn_gansu_haibei_potentilla_fruticisa_bosk_site,"CN Gansu Haibei Potentilla fruticisa bosk Site",37.482078,101.200390,"China"
cn_gansu_haibei_shrubland,"CN Gansu Haibei Shrubland",37.665278,101.331111,"China"
cn_gansu_haibei_wetland,"CN Gansu Haibei Wetland",37.608611,101.326944,"China"
cn_gansu_lanzhou_city,"CN Gansu Lanzhou City",36.048050,103.853400,"China"
cn_gansu_linzepaddy_rice,"CN Gansu Linze Paddy Rice",39.327222,100.140833,"China"
cn_gansu_mt_wlg,"CN Gansu Mt WLG",36.283330,100.895830,"China"
cn_gansu_yingke_oasis_station,"CN Gansu Yingke Oasis Station",38.857139,100.410333,"China"
cn_gansu_zhangye,"CN Gansu Zhangye",39.078889,100.275556,"China"
cn_guangdong_dinghushan,"CN Guangdong Dinghushan",23.283333,112.883333,"China"
cn_guangdong_dinghushan_2,"CN Guangdong Dinghushan",23.169500,112.511000,"China"
cn_guangdong_dinghushan_3,"CN Guangdong Dinghushan",23.173300,112.536100,"China"
cn_guangdong_heishiding,"CN Guangdong Heishiding",23.270000,111.530000,"China"
cn_guangdong_kaiping,"CN Guangdong Kaiping",22.315200,112.538600,"China"
cn_guangdong_shenzhen,"CN Guangdong Shenzhen",22.538086,114.590447,"China"
cn_guangdong_zhongshan,"CN Guangdong Zhongshan",22.515833,113.383333,"China"
cn_guangxi_nonggang,"CN Guangxi Nonggang",22.433300,106.950000,"China"
cn_guangxi_zhanjiang_gaoqiao,"CN Guangxi Zhanjiang Gaoqiao",21.567514,109.756200,"China"
cn_guizhou_puding,"CN Guizhou Puding",26.367500,105.752222,"China"
cn_hainan_danzhoua,"CN Hainan DanzhouA",19.546389,109.475000,"China"
cn_hainan_danzhoub,"CN Hainan DanzhouB",19.537778,109.468333,"China"
cn_hainan_hainan,"CN Hainan Hainan",18.730800,108.905000,"China"
cn_hainan_jianfengling,"CN Hainan Jianfengling",18.729722,108.889944,"China"
cn_hebei_lingshan_mountain,"CN Hebei Lingshan Mountain",40.053700,115.496200,"China"
cn_hebei_luancheng,"CN Hebei Luancheng",38.466667,115.133333,"China"
cn_hebei_luancheng_1,"CN Hebei Luancheng",37.531389,114.412778,"China"
cn_hebei_shijiazhuang_szf,"CN Hebei Shijiazhuang SZF",38.016670,114.458330,"China"
cn_hebei_xianghe,"CN Hebei XiangHe",39.753600,116.961500,"China"
cn_hebei_xinglong,"CN Hebei Xinglong",40.396389,117.578333,"China"
cn_hebei_yixian,"CN Hebei Yixian",39.333333,115.483333,"China"
cn_heilongjiang_chinese_boreal_forest,"CN Heilongjiang Chinese Boreal Forest",51.783333,123.016667,"China"
cn_heilongjiang_daxing_angling,"CN Heilongjiang Daxing Angling",51.816700,122.998000,"China"
cn_heilongjiang_laoshan,"CN Heilongjiang Laoshan",45.266667,127.566667,"China"
cn_heilongjiang_maoershan,"CN Heilongjiang Maoershan",45.633333,127.883333,"China"
cn_heilongjiang_sanjiang,"CN Heilongjiang Sanjiang",47.584950,133.661764,"China"
cn_heilongjiang_sanjiang_2,"CN Heilongjiang Sanjiang",47.588050,133.495097,"China"
cn_henan_baotianman,"CN Henan Baotianman",33.333333,111.783333,"China"
cn_henan_baotianman_1,"CN Henan Baotianman",33.499722,111.935278,"China"
cn_henan_baotianman_2,"CN Henan Baotianman",33.495600,111.939700,"China"
cn_henan_qiliying,"CN Henan Qiliying",35.216667,113.116667,"China"
cn_henan_shangqiu,"CN Henan Shangqiu",34.519900,115.591600,"China"
cn_hk_hon_kong_hok_tsiu,"CN HK Hon Kong Hok Tsiu",22.209700,114.258000,"China"
cn_hk_hong_kong_polyu,"CN Hong Kong Poly U",22.303333,114.179722,"China"
cn_hk_hong_kong_sheung,"CN Hong Kong Sheung",22.483300,114.116600,"China"
cn_hk_mipu,"CN HK Mipu",22.483333,113.983333,"China"
cn_hubei_wuhan_city,"CN Hubei Wuhan City",30.528294,114.354597,"China"
cn_hunan_badagongshan,"CN Hunan Badagongshan",29.460000,110.520000,"China"
cn_hunan_changsha_tea,"CN Hunan Changsha Tea",28.584972,113.327778,"China"
cn_hunan_changshapaddy_rice,"CN Hunan Changsha Paddy Rice",28.580417,113.327750,"China"
cn_hunan_huitong,"CN Hunan Huitong",26.789957,109.590131,"China"
cn_hunan_lake_dongting,"CN Hunan Lake Dongting",29.499739,113.052239,"China"
cn_hunan_taoyuan,"CN Hunan Taoyuan",29.516667,111.833333,"China"
cn_hunan_taoyuan_1,"CN Hunan Taoyuan",28.897140,111.410520,"China"
cn_hunan_yueyang,"CN Hunan Yueyang",29.309999,112.510002,"China"
cn_innermongolia_al3,"CN Inner Mongolia AL3",43.753333,116.608333,"China"
cn_innermongolia_aoe_baotou,"CN Inner Mongolia AOE Baotou",40.851700,109.628800,"China"
cn_innermongolia_damao,"CN Inner Mongolia Damao",41.643944,110.328389,"China"
cn_innermongolia_daxinganling,"CN Inner Mongolia Daxinganling",51.383333,121.933333,"China"
cn_innermongolia_desert_steppe_xilingol,"CN Inner Mongolia Desert Steppe Xilingol",44.083333,113.566667,"China"
cn_innermongolia_dongwu_grassland,"CN Inner Mongolia Dongwu grassland",45.560139,117.000278,"China"
cn_innermongolia_duolun_cropland,"CN Inner Mongolia Duolun cropland",42.045601,116.670998,"China"
cn_innermongolia_duolun_degraded_meadow,"CN Inner Mongolia Duolun Degraded Meadow",42.055100,116.280900,"China"
cn_innermongolia_duolun_grassland,"CN Inner Mongolia Duolun grassland",42.033333,116.283333,"China"
cn_innermongolia_duolun_grassland_d01,"CN Inner Mongolia Duolun grassland D01",42.046667,116.283611,"China"
cn_innermongolia_hulunbeier_temperate_meadow_steppe,"CN Inner Mongolia Hulunbeier temperate meadow steppe",49.326950,120.050383,"China"
cn_innermongolia_hulunber_grassland,"CN Inner Mongolia Hulunber Grassland",49.316667,119.916667,"China"
cn_innermongolia_inner_mongolia,"CN Inner Mongolia",42.683190,115.953700,"China"
cn_innermongolia_kubuqi_populus_forest,"CN Inner Mongolia Kubuqi populus forest",40.538333,108.693611,"China"
cn_innermongolia_kubuqi_populus_forest_2,"CN Inner Mongolia Kubuqi populus forest",40.538300,108.694000,"China"
cn_innermongolia_kubuqi_shrubland,"CN Inner Mongolia Kubuqi shrubland",40.380833,108.548611,"China"
cn_innermongolia_kubuqi_shrubland_2,"CN Inner Mongolia Kubuqi shrubland",40.380798,108.549004,"China"
cn_innermongolia_leymus_chenensis,"CN Inner Mongolia Leymus chenensis",43.502817,116.673467,"China"
cn_innermongolia_leymus_chinensis,"CN Inner Mongolia Leymus chinensis",43.580800,116.678250,"China"
cn_innermongolia_magim,"CN Inner Mongolia MAGIM",43.554722,116.678056,"China"
cn_innermongolia_ml3,"CN Inner Mongolia ML3",43.781667,116.176667,"China"
cn_innermongolia_mm2,"CN Inner Mongolia MM2",43.708333,116.978333,"China"
cn_innermongolia_mm3,"CN Inner Mongolia MM3",43.918333,116.853333,"China"
cn_innermongolia_mm4,"CN Inner Mongolia MM4",43.921667,116.811667,"China"
cn_innermongolia_panjin,"CN Inner Mongolia Panjin",40.933333,112.083333,"China"
cn_innermongolia_sd1,"CN Inner Mongolia SD1",43.653333,116.638333,"China"
cn_innermongolia_sd4,"CN Inner Mongolia SD4",43.691667,116.441667,"China"
cn_innermongolia_sd5,"CN Inner Mongolia SD5",43.678333,116.556667,"China"
cn_innermongolia_sd6,"CN Inner Mongolia SD6",43.618333,116.886667,"China"
cn_innermongolia_siziwang_fenced_szwf,"CN Inner Mongolia Siziwang Fenced SZWF",41.766667,111.883333,"China"
cn_innermongolia_siziwang_grazed_szwg,"CN Inner Mongolia Siziwang Grazed SZWG",41.790200,111.897100,"China"
cn_innermongolia_stipa_grandis,"CN Inner Mongolia Stipa Grandis",43.541717,116.555317,"China"
cn_innermongolia_ts3,"CN Inner Mongolia TS3",43.776667,116.661667,"China"
cn_innermongolia_ts6,"CN Inner Mongolia TS6",43.546667,116.343333,"China"
cn_innermongolia_ts9,"CN Inner Mongolia TS9",43.973333,116.711667,"China"
cn_innermongolia_typical_steppe_xilingol,"CN Inner Mongolia Typical Steppe Xilingol",44.133333,116.333333,"China"
cn_innermongolia_typical_steppe_xilingol_2,"CN Inner Mongolia Typical Steppe Xilingol",44.134167,116.328613,"China"
cn_innermongolia_xilingol,"CN Inner Mongolia Xilingol",44.216667,116.533333,"China"
cn_innermongolia_xilinhot_degraded_leymus_grassland,"CN Inner Mongolia Xilinhot-degraded Leymus grassland",43.554444,116.279722,"China"
cn_innermongolia_xilinhot_degraded_steppe,"CN Inner Mongolia Xilinhot degraded steppe",43.553056,116.672222,"China"
cn_innermongolia_xilinhot_fenced_grassland_abbr_nx06,"CN Inner Mongolia Xilinhot-fenced grassland abbr NX06",43.533333,116.666667,"China"
cn_innermongolia_xilinhot_fenced_steppe,"CN Inner Mongolia Xilinhot Fenced steppe",43.545834,116.677780,"China"
cn_jiangsu_bifenggang_at_lake_tai_,"CN Jiangsu Bifenggang at Lake Tai",31.168500,120.397200,"China"
cn_jiangsu_dapugang_at_lake_tai_,"CN Jiangsu Dapugang at Lake Tai",31.266100,119.931200,"China"
cn_jiangsu_fontana,"CN Jiangsu Fontana",34.100035,117.493944,"China"
cn_jiangsu_nuist,"CN Jiangsu NUIST",32.206483,118.717150,"China"
cn_jiangsu_pingtaishan_at_lake_tai_,"CN Jiangsu Pingtaishan at Lake Tai",31.232300,120.108600,"China"
cn_jiangsu_taihu,"CN Jiangsu Taihu",31.421000,120.215330,"China"
cn_jiangsu_tianmuhu_bamboo,"CN Jiangsu Tianmuhu Bamboo",31.182778,119.415556,"China"
cn_jiangsu_tianmuhu_tea,"CN Jiangsu Tianmuhu Tea",31.270556,119.454167,"China"
cn_jiangsu_wuxi,"CN Jiangsu Wuxi",31.653889,120.545278,"China"
cn_jiangsu_xiaoleishan_at_lake_tai_,"CN Jiangsu Xiaoleishan at Lake Tai",30.997200,120.134400,"China"
cn_jiangsu_xuzhou_cumt,"CN Jiangsu XuZhou CUMT",34.216670,117.141670,"China"
cn_jiangxi_dagangshan_bamboo,"CN Jiangxi Dagangshan Bamboo",27.585556,114.565278,"China"
cn_jiangxi_qianyanzhou,"CN Jiangxi Qianyanzhou 2",27.233333,115.116667,"China"
cn_jiangxi_qianyanzhou_site,"CN Jiangxi Qianyanzhou",26.733959,115.066338,"China"
cn_jiangxi_qianyanzhou_site2,"CN Jiangxi Qianyanzhou 3",26.741417,115.058111,"China"
cn_jilin_changbaishan,"CN Jilin Changbaishan",42.402500,128.095800,"China"
cn_jilin_changbaishan_secondary_forest,"CN Jilin Changbaishan secondary forest",42.414603,128.103108,"China"
cn_jilin_changbaishan_site,"CN Jilin Changbaishan Site",41.402500,128.095833,"China"
cn_jilin_changchun,"CN Jilin Changchun",44.000140,125.395700,"China"
cn_jilin_changling,"CN Jilin Changling",44.593400,123.509200,"China"
cn_jilin_songnen_meadow_steppe,"CN Jilin Songnen meadow steppe",44.583333,123.500000,"China"
cn_jilinsheng_changbaishan,"CN Jilin Sheng Changbaishan",42.383300,128.083000,"China"
cn_liaoning_jinzhou_agricultural_ecosystem_research_station,"CN Liaoning Jinzhou Agricultural Ecosystem Research Station",41.148056,121.201667,"China"
cn_liaoning_liangning,"CN Liaoning Liangning",41.511800,122.701300,"China"
cn_liaoning_natural_reed_flux_plot_panjin_wers,"CN Liaoning Natural Reed flux plot Panjin WERS",41.150740,121.911736,"China"
cn_liaoning_paddy_rice_flux_plot_panjin_wers,"CN Liaoning Paddy rice flux plot Panjin WERS",41.151774,121.914886,"China"
cn_nanjing_jurong,"CN Nanjing Jurong",31.806800,119.217300,"China"
cn_ningxia_shapotou,"CN Ningxia Shapotou",37.450000,104.950000,"China"
cn_ningxia_shapotou_1,"CN Ningxia Shapotou",37.484444,104.425806,"China"
cn_qinghai_haibei_alpine_tibet_site,"CN Qinghai Haibei Alpine Tibet site",37.370000,101.180000,"China"
cn_qinghai_sanjiangyuan,"CN Qinghai Sanjiangyuan",34.350000,100.483333,"China"
cn_shaanxi_ansai,"CN Shaanxi Ansai",36.858333,109.323056,"China"
cn_shaanxi_changwuwheat,"CN Shaanxi Changwu Wheat",35.233333,107.683333,"China"
cn_shaanxi_qingling,"CN Shaanxi Qingling",33.461667,108.481667,"China"
cn_shaanxi_yulin,"CN Shaanxi Yulin",38.283333,109.716667,"China"
cn_shandong_jiaozhouwanpaddy_rice,"CN Shandong Jiaozhouwan Paddy Rice",36.437500,120.089167,"China"
cn_shandong_yuchen_site,"CN Shandong Yuchen Site",36.833333,116.570278,"China"
cn_shanghai_dongtan_monitoring_station_chongming_2,"CN Dongtan 3",31.516899,121.972000,"China"
cn_shanghai_shanghi_met,"CN Shanghai Met",31.221383,121.548517,"China"
cn_shanghai_shanghi_minhang,"CN Shanghai Minhang",31.130450,121.397340,"China"
cn_shanxi_shouyang,"CN Shanxi Shouyang",37.750000,113.200000,"China"
cn_sichuan_gonggashan,"CN Sichuan Gonggashan",29.566667,101.983333,"China"
cn_sichuan_hongyuan,"CN Sichuan Hongyuan",32.845278,102.590000,"China"
cn_sichuan_litang,"CN Sichuan Litang",29.976300,100.261850,"China"
cn_sichuan_ruoergai,"CN Sichuan Ruoergai",32.967892,102.616578,"China"
cn_sichuan_zoige_flux_research_station,"CN Sichuan Zoige Flux Research Station",33.104283,102.651466,"China"
cn_taipokau_hong_kong,"CN Tai Po Kau Hong Kong",22.426300,114.181000,"China"
cn_tibet_qoms_cas,"CN Tibet QOMS CAS",28.365000,86.948060,"China"
cn_xinjiang_akesu,"CN Xinjiang Akesu",40.616667,80.750000,"China"
cn_xinjiang_fukang,"CN Xinjiang Fukang",44.200000,87.833333,"China"
cn_xinjiang_fukang_2,"CN Xinjiang Fukang",44.436389,87.897778,"China"
cn_xinjiang_kashi,"CN Xinjiang Kashi",39.504300,75.930400,"China"
cn_xinjianguygur_hami,"CN Xinjiang Uygur HAMI",42.816667,93.516667,"China"
cn_xinjianguygur_hotan,"CN Xinjiang Uygur Hotan",37.133333,79.933333,"China"
cn_xinjianguygur_muztagh_ata,"CN Xinjiang Uygur Muztagh Ata",38.408222,75.038764,"China"
cn_xinjianguygur_urumqi,"CN Xinjiang Uygur Urumqi",43.871390,87.568900,"China"
cn_xizang_damxung,"CN Xizang Damxung",30.683333,91.133333,"China"
cn_xizang_dangxiong,"CN Xizang Dangxiong",30.497800,91.066400,"China"
cn_xizang_lhasa,"CN Xizang Lhasa",29.645500,91.032917,"China"
cn_xizang_nam_co,"CN Xizang NAM CO",30.772517,90.962450,"China"
cn_xizang_naqu,"CN Xizang Naqu",31.641883,92.015350,"China"
cn_xizang_tibet_grassland_site,"CN Xizang Tibet Grassland Site",31.483333,92.066667,"China"
cn_yunnan_ailaoshan,"CN Yunnan Ailaoshan",24.538056,101.028889,"China"
cn_yunnan_lijiang,"CN Yunnan Lijiang",27.142222,100.227222,"China"
cn_yunnan_xishuangbanna,"CN Yunnan Xishuangbanna",22.583333,101.033333,"China"
cn_yunnan_xishuangbanna_2,"CN Yunnan Xishuangbanna",21.611700,101.574000,"China"
cn_yunnan_xishuangbanna_site,"CN Yunnan Xishuangbanna Site",21.927500,101.265278,"China"
cn_yunnan_yuanjiang,"CN Yunnan Yuanjiang",23.466667,102.166667,"China"
cn_zhejiang_baishanzu,"CN Zhejiang Baishanzu",27.761000,119.198000,"China"
cn_zhejiang_gutianshan,"CN Zhejiang Gutianshan",29.250300,118.119000,"China"
cn_zhejiang_hangzhou_city,"CN Zhejiang Hangzhou City",30.289633,120.156917,"China"
cn_zhejiang_hangzhou_zfu,"CN Zhejiang Hangzhou ZFU",30.257233,119.727417,"China"
cn_zhejiang_ningbo,"CN Zhejiang Ningbo",29.859945,121.546872,"China"
cn_zhejiang_qiandaohu,"CN Zhejiang Qiandaohu",29.555717,119.052633,"China"
cn_zhejiang_tiantongshan,"CN Zhejiang Tiantongshan",29.811600,121.783000,"China"
co_amazonas_amacayacu,"CO Amazonas Amacayacu",-3.809100,-70.267800,"Colombia"
co_antioquia_medellin,"CO Antioquia Medellin",6.260672,-75.577914,"Colombia"
co_bogota_unc_bogota,"CO Bogota UNC Bogota",4.636933,-74.080800,"Colombia"
co_cesar_upc_geab_valledupar,"CO Cesar UPC GEAB Valledupar",9.559600,-73.329300,"Colombia"
co_cundinamarca_guatavita_station_1,"CO Cundinamarca Guatavita Station 1",4.913900,-73.736500,"Colombia"
co_cundinamarca_guatavita_station_2,"CO Cundinamarca Guatavita Station 2",4.916800,-73.742900,"Colombia"
co_meta_unc_gaitan,"CO Meta UNC Gaitan",4.310680,-72.351800,"Colombia"
co_narino_la_planada,"CO Narino La Planada",1.155800,-77.993500,"Colombia"
co_risaralda_humedal_lisbran,"CO Risaralda Humedal Lisbran",4.737889,-75.582311,"Colombia"
co_risaralda_humedal_lisbran2,"CO Risaralda Humedal Lisbran2",4.737492,-75.583778,"Colombia"
co_risaralda_humedal_lisbran3,"CO Risaralda Humedal Lisbran3",4.740556,-75.580528,"Colombia"
co_valledelcauca_unc_palmira,"CO Valle del Cauca UNC Palmira",3.512290,-76.307610,"Colombia"
country_tromelin,"TF Tromelin",-15.889167,54.517333,"French Southern Territories"
cr_alajuela_poas,"CR Alajuela Poas",10.200000,-84.233000,"Costa Rica"
cr_alajuela_soltis_center,"CR Alajuela Soltis Center",10.382700,-84.621000,"Costa Rica"
cr_cartago_aquiares_coffee_flux,"CR Cartago Aquiares Coffee Flux",9.938330,-83.728610,"Costa Rica"
cr_guanacaste_filadelfia_sugar_cane_cropland,"CR Guanacaste Filadelfia sugar cane cropland",10.418900,-85.473200,"Costa Rica"
cr_guanacaste_nicoya_melon_rice_cropland,"CR Guanacaste Nicoya melon Rice cropland",10.082900,-85.469400,"Costa Rica"
cr_guanacaste_santa_rosa,"CR Guanacaste Santa Rosa",10.841800,-85.615600,"Costa Rica"
cr_heredia_la_selva_t2,"CR Heredia La Selva T2",10.432200,-84.010600,"Costa Rica"
cr_provinciaheredia_la_selva,"CR Provincia Heredia La Selva",10.423333,-84.021111,"Costa Rica"
cu_camaguey_camaguey,"CU Camaguey",21.422300,-77.849900,"Cuba"
cv_calhau,"CV Calhau",16.863889,-24.867222,"Cape Verde"
cv_capo_verde,"CV Capo Verde",16.732500,-22.935499,"Cape Verde"
cy_limassol_cut_tepak,"CY Limassol CUT TEPAK",34.674806,33.042750,"Cyprus"
cy_nicosia_agiamarina_xyliatou,"CY Nicosia AgiaMarina Xyliatou",35.038000,33.057700,"Cyprus"
cy_nicosia_nicosia,"CY Nicosia",35.140628,33.381353,"Cyprus"
cz_brno_airport,"CZ Brno Airport",49.156470,16.683330,"Czech Republic"
cz_jihocesky_trebon_czechwet,"CZ Jihocesky Trebon CZECHWET",49.024650,14.770350,"Czech Republic"
cz_jihovychod_kosetice,"CZ Jihovychod Kosetice",49.566667,15.066667,"Czech Republic"
cz_jihovychod_kresin_u_pacova,"CZ Jihovychod Kresin u Pacova",49.573257,15.078773,"Czech Republic"
cz_lanzhot,"CZ Lanzhot",48.681611,16.946416,"Czech Republic"
cz_moravian-silesian_bily_kriz_forest,"CZ Moravian-Silesian Bily Kriz forest",49.502129,18.536860,"Czech Republic"
cz_niederosterreich_czechwet,"CZ Niederosterreich CZECHWET",49.016667,15.016667,"Czech Republic"
cz_pohorskaves_zofin,"CZ Pohorska Ves Zofin",48.663800,14.707300,"Czech Republic"
cz_sachsen_oberbarenburg,"DE Sachsen Oberbarenburg",50.783617,13.719631,"Germany"
cz_zlin_rajec,"CZ Zlin Rajec",49.443724,16.696513,"Czech Republic"
cz_zlin_stitna,"CZ Zlin Stitna",49.035975,17.969900,"Czech Republic"
de_baden-wurttemberg_secondary_tower_clearcut_2018,"DE Baden-Wurttemberg Secondary Tower Clearcut 2018",47.936700,7.600600,"Germany"
de_baden_wurttemberg_black_forest_amf,"DE Baden Wurttemberg Black Forest AMF",48.540050,8.396867,"Germany"
de_baden_wurttemberg_karlsruhe,"DE Baden Wurttemberg Karlsruhe",49.093300,8.427900,"Germany"
de_baden_wurttemberg_mannheim,"DE Baden Wurttemberg Mannheim",49.486892,8.492311,"Germany"
de_baden_wurttemberg_messkirchrohrdorf,"DE Baden Wurttemberg Messkirch Rohrdorf",48.023333,9.116389,"Germany"
de_baden_wurttemberg_schauninsland,"DE Baden Wurttemberg Schauninsland",47.916667,7.916667,"Germany"
de_badenwurttemberg_hartheim,"DE Baden Wurttemberg Hartheim",47.934399,7.601000,"Germany"
de_badenwurttemberg_hartheim_main_tower_below_canopy,"DE Baden Wurttemberg Hartheim Main Tower below canopy",47.933800,7.598100,"Germany"
de_badenwurttemberg_schoenau,"DE Baden Wurttemberg Schoenau",47.600000,12.966667,"Germany"
de_bavaria_kempten,"DE Bavaria Kempten",47.715833,10.314133,"Germany"
de_bavaria_munich_university,"DE Bavaria Munich University",48.148000,11.573000,"Germany"
de_bavaria_traunstein,"DE Bavaria Traunstein",47.935000,12.666400,"Germany"
de_bayern_bayreuth_waldsteinweidenbrunnen,"DE Bayern Bayreuth Waldstein Weiden Brunnen",50.141944,11.866944,"Germany"
de_bayern_fendt,"DE Bayern Fendt",47.832900,11.060700,"Germany"
de_bayern_fendt_2,"DE Bayern Fendt",47.832920,11.060560,"Germany"
de_bayern_graswang,"DE Bayern Graswang",47.570830,11.032610,"Germany"
de_bayern_hohenpeienberg,"DE Bayern Hohenpeienberg",47.801236,11.009931,"Germany"
de_bayern_lackenberg,"DE Bayern Lackenberg",49.099617,13.304667,"Germany"
de_bayern_mooseurach,"DE Bayern Mooseurach",47.809270,11.457910,"Germany"
de_bayern_rottenbuch_west,"DE Bayern Rottenbuch West",47.729910,10.968980,"Germany"
de_bayern_schechenfilz_nord,"DE Bayern Schechenfilz Nord",47.806389,11.327500,"Germany"
de_berlin_rothenburgstrasse,"DE Berlin Rothenburgstrasse",52.457232,13.315827,"Germany"
de_berlin_tu_campus_charlottenburg,"DE Berlin TU Campus Charlottenburg",52.512283,13.327855,"Germany"
de_brandenburg_berlin_fub,"DE Brandenburg Berlin FUB",52.457500,13.310333,"Germany"
de_brandenburg_kienhorst,"DE Kienhorst",52.973600,13.643900,"Germany"
de_brandenburg_metobs_lindenberg,"DE Brandenburg MetObs Lindenberg",52.209270,14.120870,"Germany"
de_brandenburg_spreewald,"DE Brandenburg Spreewald",51.892250,14.033690,"Germany"
de_brandenburg_steglitzer_kreisel,"DE Brandenburg Steglitzer Kreisel",52.455610,13.320050,"Germany"
de_brandenburg_zehlendorf_,"DE Brandenburg Zehlendorf",52.790786,13.388494,"Germany"
de_hamburg_hamburg,"DE Hamburg",53.568333,9.973333,"Germany"
de_hessen_frankfurt_,"DE Hessen Frankfurt",50.134597,8.654906,"Germany"
de_lower_saxony_braunschweig,"DE Lower Saxony Braunschweig",52.296630,10.448710,"Germany"
de_lower_saxony_oberklenkendorf,"DE Lower Saxony Oberklenkendorf",53.412597,9.092467,"Germany"
de_lower_saxony_reinshof,"DE Lower Saxony Reinshof",51.494950,9.932128,"Germany"
de_lower_saxony_uchter_moor,"DE Lower Saxony Uchter Moor",52.508300,8.825833,"Germany"
de_mecklenburg-vorpommern_zarnekow,"DE Mecklenburg-Vorpommern Zarnekow",53.875943,12.889010,"Germany"
de_mecklenburg_vorpommern_anklam,"DE Mecklenburg Vorpommern Anklam",53.866200,13.683400,"Germany"
de_mecklenburg_vorpommern_anklam_2,"DE Mecklenburg Vorpommern Anklam",53.866170,13.683420,"Germany"
de_mecklenburg_vorpommern_heydenhof_agriculture,"DE Mecklenburg Vorpommern Heydenhof Agriculture",53.868253,13.268543,"Germany"
de_mv_huetelmoor,"DE MV Huetelmoor",54.210278,12.176111,"Germany"
de_niedersachsen_bourtanger_moor,"DE Niedersachsen Bourtanger Moor",52.655284,7.183765,"Germany"
de_niedersachsen_gartow_2,"DE Niedersachsen Gartow 2",53.065514,11.442733,"Germany"
de_niedersachsen_lindenberg_,"DE Niedersachsen Lindenberg",52.208869,11.009931,"Germany"
de_niedersachsen_solling,"DE Niedersachsen Solling",51.758130,9.593330,"Germany"
de_niedersachsen_solling_f1,"DE Niedersachsen Solling F1",51.766667,9.583333,"Germany"
de_nordrhein_westfalen_amtsvenn,"DE Nordrhein Westfalen Amtsvenn",52.175700,6.955430,"Germany"
de_nordrhein_westfalen_fzj_joyce,"DE Nordrhein Westfalen FZJ JOYCE",50.908333,6.412500,"Germany"
de_nordrhein_westfalen_grugapark,"DE Nordrhein Westfalen Grugapark",51.430650,6.992717,"Germany"
de_nordrhein_westfalen_hope_hambach,"DE Nordrhein Westfalen HOPE Hambach",50.897200,6.463900,"Germany"
de_nordrhein_westfalen_hope_inselhombroich,"DE Nordrhein Westfalen HOPE Inselhombroich",51.151400,6.643600,"Germany"
de_nordrhein_westfalen_hope_krauthausen,"DE Nordrhein Westfalen HOPE Krauthausen",50.879600,6.414500,"Germany"
de_nordrhein_westfalen_hope_rwth_aachen,"DE Nordrhein Westfalen HOPE RWTH Aachen",50.777700,6.060600,"Germany"
de_nordrhein_westfalen_manfred_von_richthofen_kaserne,"DE Nordrhein Westfalen Manfred von Richthofen Kaserne",51.958329,7.650093,"Germany"
de_nordrhein_westfalen_rollesbroich,"DE Nordrhein Westfalen Rollesbroich",50.621914,6.304126,"Germany"
de_nordrhein_westfalen_selhausen,"DE Nordrhein Westfalen Selhausen",50.870623,6.449653,"Germany"
de_nordrhein_westfalen_selhausen_juelich,"DE Nordrhein Westfalen Selhausen Juelich",50.865907,6.447145,"Germany"
de_nordrhein_westfalen_wesel,"DE Nordrhein Westfalen Wesel",51.648889,6.569444,"Germany"
de_nordrhein_westfalen_wuestebach,"DE Nordrhein Westfalen Wuestebach",50.504907,6.331019,"Germany"
de_north_rhine-westphalia_campus_klein_altendorf_breedface_ctr1,"DE North Rhine-Westphalia Campus Klein Altendorf BreedFACE CTR1",50.625200,6.987400,"Germany"
de_north_rhine-westphalia_campus_klein_altendorf_breedface_r1,"DE North Rhine-Westphalia Campus Klein Altendorf BreedFACE R1",50.625300,6.983700,"Germany"
de_north_rhine-westphalia_inden_1_lignite_opencast_mine_agricult,"DE North Rhine-Westphalia Inden 1 lignite opencast mine agricult",50.882000,6.366000,"Germany"
de_sachsen_anhalt_burg_,"DE Sachsen Anhalt Burg",52.287775,11.906728,"Germany"
de_sachsen_anhalt_grosses_bruch,"DE Sachsen Anhalt Grosses Bruch",52.030067,11.103386,"Germany"
de_sachsen_anhalt_hohes_holz,"DE Sachsen Anhalt Hohes Holz",52.085306,11.222233,"Germany"
de_sachsen_anhalt_hohes_holz_2,"DE Sachsen Anhalt Hohes Holz",52.085306,11.219222,"Germany"
de_sachsen_anhalt_hohes_holz_3,"DE Sachsen Anhalt Hohes Holz",52.086560,11.222350,"Germany"
de_sachsen_grillenburg,"DE Sachsen Grillenburg",50.950040,13.512590,"Germany"
de_sachsen_hope_melpitz,"DE Sachsen HOPE Melpitz",51.525525,12.927601,"Germany"
de_sachsen_ift_leipzig,"DE Sachsen IFT Leipzig",51.352500,12.435278,"Germany"
de_sachsen_klingenberg,"DE Sachsen Klingenberg",50.966667,13.333333,"Germany"
de_sachsen_oberbarenburg,"DE Sachsen Oberbarenburg",50.786660,13.721290,"Germany"
de_sachsen_tharandt,"DE Sachsen Tharandt",50.963611,13.566944,"Germany"
de_sachsen_tharandt_2,"DE Sachsen Tharandt",50.962560,13.565150,"Germany"
de_saxony_hetzdorf,"DE Saxony Hetzdorf",50.964030,13.489820,"Germany"
de_saxony_klingenberg,"DE Saxony Klingenberg",50.893060,13.522380,"Germany"
de_schleswig-holstein_helgoland,"DE Schleswig Holstein Helgoland",54.177861,7.887361,"Germany"
de_schleswig_holstein_buesum,"DE Schleswig Holstein Buesum",54.132250,8.878797,"Germany"
de_schleswig_holstein_himmelmoor,"DE Schleswig Holstein Himmelmoor",53.739807,9.848723,"Germany"
de_schleswig_holstein_kannenbruch_forest,"DE Schleswig Holstein Kannenbruch Forest",53.784328,10.604899,"Germany"
de_schleswig_holstein_westerland_,"DE Schleswig Holstein Westerland",54.923611,8.303742,"Germany"
de_stechlin_dagowsee,"DE Stechlin Dagowsee",53.151409,13.054275,"Germany"
de_thuringen_hainich,"DE Thuringen Hainich",51.079408,10.452089,"Germany"
de_thuringen_hainich_2,"DE Thuringen Hainich",51.079167,10.453000,"Germany"
de_thuringen_leinefelde,"DE Thuringen Leinefelde",51.328217,10.367800,"Germany"
de_thuringen_mehrstedt,"DE Thuringen Mehrstedt",51.269028,10.666778,"Germany"
de_thuringen_wetzstein,"DE Thuringen Wetzstein",50.453475,11.457575,"Germany"
de_thuringia_gebesee,"DE Thuringia Gebesee",51.100100,10.914300,"Germany"
de_thuringia_gebesee_2,"DE Thuringia Gebesee",51.099730,10.914630,"Germany"
de_thuringia_mehrstedt_2,"DE Thuringia Mehrstedt 2",51.275366,10.655550,"Germany"
de_wiesbaden_mainz,"DE Wiesbaden Mainz",49.999000,8.300000,"Germany"
dk_hampen_gludsted_plantage,"DK Hampen Gludsted Plantage",56.073700,9.334100,"Denmark"
dk_regionmidtjylland_foulum,"DK Region Midtjylland Foulum",56.484200,9.587220,"Denmark"
dk_regionmidtjylland_morke_e_ar,"DK Region Midtjylland Morke EAR",56.381310,10.394610,"Denmark"
dk_regionmidtjylland_morke_e_pg,"DK Region Midtjylland Morke EPG",56.381780,10.403120,"Denmark"
dk_regionmidtjylland_morke_e_rg,"DK RegionMidtjylland Morke E RG",56.381790,10.400600,"Denmark"
dk_regionmidtjylland_skjern,"DK RegionMidtjylland Skjern",55.912700,8.404800,"Denmark"
dk_regionmidtjylland_skjern_w_ar,"DK Region Midtjylland Skjern W AR",55.937770,8.446560,"Denmark"
dk_regionmidtjylland_skjern_w_pg,"DK Region Midtjylland Skjern W PG",55.941160,8.447355,"Denmark"
dk_regionmidtjylland_ulborg,"DK Region Midtjylland Ulborg",56.283333,8.433333,"Denmark"
dk_regionmidtjylland_ulborg_2,"DK Region Midtjylland Ulborg",56.291028,8.428028,"Denmark"
dk_regionmidtjylland_voulundgaard,"DK RegionMidtjylland Voulundgaard",56.037664,9.160850,"Denmark"
dk_regionmidtjylland_voulundgaard_2,"DK RegionMidtjylland Voulundgaard",56.037476,9.160710,"Denmark"
dk_regionnordjylland_store_vildmose_n_ar,"DK Region Nordjylland Store Vildmose N AR",57.233130,9.844350,"Denmark"
dk_regionnordjylland_store_vildmose_n_pg,"DK Region Nordjylland Store Vildmose N PG",57.229880,9.832910,"Denmark"
dk_regionnordjylland_store_vildmose_n_rg,"DK RegionNordjylland Store Vildmose N RG",57.233120,9.844620,"Denmark"
dk_regionsjlland_enghave,"DK Region Sjlland Enghave",55.690528,12.191750,"Denmark"
dk_regionsjlland_lille_valby,"DK Region Sjlland Lille Valby",55.066667,12.116667,"Denmark"
dk_regionsjlland_rimi,"DK Region Sjlland Rimi",55.683333,12.117300,"Denmark"
dk_regionsjlland_rimi_2,"DK Region Sjlland Rimi",55.683300,12.083300,"Denmark"
dk_regionsjlland_ris_campus_tower,"DK Region Sjlland Ris Campus Tower",55.694101,12.088284,"Denmark"
dk_regionsjlland_ris_campus_willow,"DK Region Sjlland Ris Campus Willow",55.680682,12.101398,"Denmark"
dk_regionsjlland_risbyholm,"DK Region Sjlland Risbyholm",55.530278,12.097222,"Denmark"
dk_regionsjlland_risbyholm_2,"DK Region Sjlland Risbyholm 2",55.533333,12.088333,"Denmark"
dk_regionsjlland_soroe,"DK Region Sjlland Soroe",55.485869,11.644644,"Denmark"
dk_regionsjlland_store_ebberup,"DK Region Sjlland Store Ebberup",55.483300,11.633300,"Denmark"
dz_blida-_blida,"DZ Blida",36.508333,2.880556,"Algeria"
dz_oriental_oujda,"DZ Oriental Oujda",34.653167,-1.898500,"Algeria"
dz_tamanrasset_inm,"DZ Tamanrasset INM",22.790000,5.530000,"Algeria"
dz_tiziouzou_tizi_ouzou,"DZ TiziOuzou Tizi Ouzou",36.698611,4.055833,"Algeria"
ec_chimborazo_sangay,"EC Chimborazo Sangay",-2.005000,-78.341000,"Ecuador"
ec_galapagos_san_cristobal_usfq,"EC Galapagos San Cristobal USFQ",-0.895400,-89.608790,"Ecuador"
ec_orellana_yasuni,"EC Orellana Yasuni",-0.685900,-76.397000,"Ecuador"
ec_quito_usfq,"EC Quito USFQ",-0.196240,-78.435590,"Ecuador"
ee_ida_viru_hiiesoo_abandoned_peat_extraction,"EE Ida Viru Hiiesoo abandoned peat extraction",59.350500,27.100800,"Estonia"
ee_ida_viru_hiiesoo_active_peat_extraction,"EE Ida_Viru Hiiesoo active peat extraction",59.351900,27.101600,"Estonia"
ee_ida_viru_kasesoo_abandoned_peat_extraction,"EE Ida Viru Kasesoo abandoned peat extraction",59.141100,27.653100,"Estonia"
ee_ida_viru_kasesoo_active_peat_extraction,"EE Ida Viru Kasesoo active peat extraction",59.145900,27.663600,"Estonia"
ee_ida_viru_kasesoo_bog,"EE Ida Viru Kasesoo bog",59.141700,27.677800,"Estonia"
ee_ida_viru_puhatu_abandoned_peat_extraction,"EE Ida Viru Puhatu abandoned peat extraction",59.265800,27.631600,"Estonia"
ee_ida_viru_puhatu_active_peat_extraction,"EE Ida_Viru Puhatu active peat extraction",59.265900,27.631400,"Estonia"
ee_laane_viru_pudivere_grassland,"EE Laane Viru Pudivere grassland",59.086600,26.374400,"Estonia"
ee_parnu_lavassaare_abandoned_peat_extraction,"EE Parnu Lavassaare abandoned peat extraction",58.572700,24.381900,"Estonia"
ee_parnu_lavassaare_drained_fen,"EE Parnu Lavassaare drained fen",58.571900,24.390800,"Estonia"
ee_parnu_lavassaare_grass_cultivation,"EE Parnu Lavassaare grass cultivation",58.573000,24.385800,"Estonia"
ee_parnu_maima_bog,"EE Parnu Maima bog",58.579100,24.426600,"Estonia"
ee_parnu_pitsalu,"EE Parnu Pitsalu",58.563316,24.368888,"Estonia"
ee_tartu_aardlapalu_grassland,"EE Tartu Aardlapalu grassland",58.313050,26.743880,"Estonia"
ee_tartu_agali_forest_station,"EE Tartu Agali Forest Station",58.287472,27.283525,"Estonia"
ee_tartu_jrvselja,"EE Tartu Jrvselja",58.274211,27.309952,"Estonia"
ee_tartu_roka,"EE Tartu Roka",58.245336,27.299731,"Estonia"
ee_tartu_sangla_bog_forest,"EE Tartu Sangla bog forest",58.327040,26.218190,"Estonia"
ee_tartumaakond_toravere,"EE Tartu maakond Toravere",58.264900,26.466820,"Estonia"
ee_valga_soontaga_forest_station,"EE Valga Soontaga Forest Station",58.023561,26.070740,"Estonia"
ee_viljandi_kuresoo_bog,"EE Viljandi Kuresoo bog",58.474400,25.200800,"Estonia"
ee_viljandi_kuresoo_bog_wooded,"EE Viljandi Kuresoo bog wooded",58.473600,25.212500,"Estonia"
ee_viljandi_valgeraba_bog,"EE Viljandi Valgeraba bog",58.436620,25.236750,"Estonia"
ee_viljandi_valgeraba_bog_forest,"EE Viljandi Valgeraba bog forest",58.435070,25.236290,"Estonia"
ee_voru_ruhingu,"EE Voru Ruhingu",57.913145,26.694047,"Estonia"
eg_aljizah_cairo_university,"EG Al Jizah Cairo University",30.026167,31.207317,"Egypt"
eg_alqahirah_cairo_ema,"EG Al Qahirah Cairo EMA",30.080767,31.290067,"Egypt"
eg_newvalley_el_farafra,"EG New Valley El Farafra",27.058000,27.990170,"Egypt"
eg_upperegypt_qism_qena,"EG Upper Egypt Qism Qena",26.199924,32.747029,"Egypt"
er_anseba_asmara,"ER Anseba Asmara",15.342864,38.922392,"Eritrea"
es_albacete_finca_oran,"ES Albacete Finca Oran",38.823638,-1.859770,"Spain"
es_albacete_las_tiesas_experimental_farm,"ES Albacete Las Tiesas Experimental Farm",39.042395,-2.089033,"Spain"
es_albacete_tarazona_de_la_mancha,"ES AlbaceteTarazona de la Mancha",39.265970,-1.939726,"Spain"
es_andalucia_ahi_de_cara,"ES Andalucia Ahi De Cara",37.116667,-3.229722,"Spain"
es_andalucia_albergue_ugr,"ES Andalucia Albergue UGR",37.095598,-3.386989,"Spain"
es_andalucia_amoladeras,"ES Andalucia Amoladeras",36.833608,-2.252318,"Spain"
es_andalucia_armilla,"ES Andalucia Armilla",37.133333,-3.242222,"Spain"
es_andalucia_cerro_poyos,"ES Andalucia Cerro Poyos",37.108330,-3.486660,"Spain"
es_andalucia_dilar,"ES Andalucia Dilar",37.064167,-3.384722,"Spain"
es_andalucia_fuenteduque,"ES Andalucia Fuente Duque",36.998180,-6.434566,"Spain"
es_andalucia_guadiana,"ES Andalucia Guadiana",37.910917,-3.228444,"Spain"
es_andalucia_huelva,"ES Andalucia Huelva",37.016300,-6.568700,"Spain"
es_andalucia_iznajar,"ES Andalucia Iznajar",37.283300,-4.383300,"Spain"
es_andalucia_laguna_seca,"ES Andalucia Laguna Seca",37.097900,-2.965800,"Spain"
es_andalucia_laguna_seca_2,"ES Andalucia Laguna Seca",37.097936,-2.965833,"Spain"
es_andalucia_lanjaron_non_intervention,"ES Andalucia Lanjaron Non intervention",36.972098,-3.473851,"Spain"
es_andalucia_lanjaron_salvage_logging,"ES Andalucia Lanjaron Salvage logging",36.969502,-3.475819,"Spain"
es_andalucia_llano_de_los_juanes,"ES Andalucia Llano de los Juanes",36.928250,-2.750472,"Spain"
es_andalucia_llano_de_los_juanes_2,"ES Andalucia Llano de los Juanes",36.926594,-2.752115,"Spain"
es_andalucia_los_llanos_de_silva,"ES Andalucia Los Llanos de Silva",37.333333,-3.583333,"Spain"
es_andalucia_marbella_san_pedro,"ES Andalucia Marbella San Pedro",36.486309,-4.993439,"Spain"
es_andalucia_montenegro,"ES Andalucia Montenegro",36.991805,-6.482628,"Spain"
es_andalucia_padul,"ES Andalucia Padul",37.008900,-3.611100,"Spain"
es_andalucia_padul_2,"ES Andalucia Padul",37.016975,-3.609228,"Spain"
es_andalucia_pitres,"ES Andalucia Pitres",36.933333,-3.222222,"Spain"
es_andalucia_south_spain_aircraft,"ES Andalucia South Spain Aircraft",36.720950,-4.415060,"Spain"
es_andalucia_tabernas_psa_dlr,"ES Andalucia Tabernas PSA DLR",37.090760,-2.358180,"Spain"
es_andalusia_aguamarga,"ES Andalusia Aguamarga",36.940046,-2.033208,"Spain"
es_andalusia_conde,"ES Andalusia Conde",37.914998,-3.227659,"Spain"
es_andalusia_donana,"ES Andalusia Donana",36.995550,-6.513228,"Spain"
es_andalusia_santa_clotilde_forest,"ES Andalusia Santa Clotilde forest",38.210142,-4.287495,"Spain"
es_andalusia_santa_clotilde_grassland,"ES Andalusia Santa Clotilde grassland",38.210163,-4.289965,"Spain"
es_aragon_la_muela,"ES Aragon La Muela",41.583333,-1.833333,"Spain"
es_aragon_manzanera,"ES Aragon Manzanera",40.089496,-0.827409,"Spain"
es_aragon_sarrion,"ES Aragon Sarrion",40.150000,-0.838000,"Spain"
es_aragon_zaragoza,"ES Aragon Zaragoza",41.633400,-0.882350,"Spain"
es_caceres_las_majadas,"ES Caceres Las Majadas",39.940311,-5.774639,"Spain"
es_cadiz_juncabalejo,"ES Cadiz Juncabalejo",36.936193,-6.378451,"Spain"
es_canarias_izana,"ES Canarias Izana",28.309320,-16.499060,"Spain"
es_canarias_la_laguna,"ES Canarias La Laguna",28.481944,-16.321111,"Spain"
es_canarias_las_galletas,"ES Canarias Las Galletas",28.015200,-16.654500,"Spain"
es_canarias_santa_cruz_tenerife,"ES Canarias Santa Cruz Tenerife",28.472528,-16.247361,"Spain"
es_canarias_teide,"ES Canarias Teide",28.272500,-16.642800,"Spain"
es_canarias_tenerife,"ES Canarias Tenerife",28.033333,-16.633333,"Spain"
es_castilla_lamancha_almodovar_del_pinar_1,"ES Castilla La Mancha Almodovar del Pinar 1",39.680985,-1.842411,"Spain"
es_castilla_lamancha_almodovar_del_pinar_2,"ES Castilla La Mancha Almodovar del Pinar 2",39.677270,-1.848309,"Spain"
es_castilla_lamancha_cuenca_las_majadas_burned,"ES Castilla La Mancha Cuenca Las Majadas burned",40.258306,-1.968061,"Spain"
es_castilla_lamancha_cuenca_las_majadas_unburned,"ES Castilla La Mancha Cuenca Las Majadas unburned",40.252069,-1.964783,"Spain"
es_castilla_lamancha_el_bonillo,"ES Castilla LaMancha El Bonillo",38.937066,-2.644023,"Spain"
es_castilla_lamancha_quintos_de_mora,"ES Castilla La Mancha Quintos de Mora",39.383300,-4.108300,"Spain"
es_castilla_lamancha_quintos_de_mora_2,"ES Castilla La Mancha Quintos de Mora",39.426905,-4.117171,"Spain"
es_castilla_lamancha_yeste,"ES Castilla La Mancha Yeste",38.338934,-2.350605,"Spain"
es_castillalamancha_toledo,"ES Castilla La Mancha Toledo",39.860047,-4.030064,"Spain"
es_castillayleon_autilla,"ES Castillay Leon Autilla",41.997222,-4.603056,"Spain"
es_castillayleon_palencia,"ES Castillay Leon Palencia",41.988572,-4.515694,"Spain"
es_castillayleon_valladolid,"ES Castillay Leon Valladolid",41.814722,-4.932472,"Spain"
es_castillayleon_valladolid_sci,"ES Castillay Leon Valladolid Sci",41.656200,-4.714800,"Spain"
es_cat_begur,"ES CAT Begur",41.833333,3.333333,"Spain"
es_cataluna_barcelona,"ES Cataluna Barcelona",41.385670,2.116970,"Spain"
es_cataluna_la_bertolina,"ES Cataluna La Bertolina",42.098889,1.661389,"Spain"
es_cataluna_montsec,"ES Cataluna Montsec",42.051417,0.729689,"Spain"
es_cataluna_pla_de_riart,"ES Cataluna Pla de Riart",42.063333,1.513333,"Spain"
es_cataluna_vall_d_alinya_lleida,"ES Cataluna Vall d Alinya Lleida",42.152180,1.448500,"Spain"
es_cataluna_vall_d_alinya_lleida_2,"ES Cataluna Vall d Alinya Lleida",42.151110,1.447380,"Spain"
es_cataluna_vall_dalinya_lleida,"ES Cataluna Vall d Alinya Lleida",42.201667,1.449167,"Spain"
es_comunidaddemadrid_madrid,"ES Comunidadde Madrid",40.451900,-3.723950,"Spain"
es_comunidadvalenciana_el_saler_sueca_valencia,"ES Comunidad Valenciana El Saler Sueca Valencia",39.286389,-0.343611,"Spain"
es_comunidadvalenciana_el_saler_sueca_valencia_2,"ES Comunidad Valenciana El Saler Sueca Valencia",39.275556,-0.315278,"Spain"
es_comunidadvalenciana_el_saler_sueca_valencia_3,"ES Comunidad Valenciana El Saler Sueca Valencia",39.274380,-0.316410,"Spain"
es_comunidadvalenciana_el_saler_valencia,"ES Comunidad Valenciana El Saler Valencia",39.348333,-0.317333,"Spain"
es_comunidadvalenciana_el_saler_valencia_2,"ES Comunidad Valenciana El Saler Valencia",39.345972,-0.318806,"Spain"
es_comunidadvalenciana_el_saler_valencia_3,"ES Comunidad Valenciana El Saler Valencia",39.344810,-0.319990,"Spain"
es_comunidadvalenciana_muela_de_cortes,"ES Comunidad Valenciana Muela de Cortes",39.224200,-0.903300,"Spain"
es_comunitatvalenciana_el_saler_sueca,"ES Comunitat Valenciana El Saler Sueca",39.286528,0.343750,"Spain"
es_coruna_veiga,"ES Coruna Veiga",43.363000,-8.420800,"Spain"
es_extremadura_albuera,"ES Extremadura Albuera",38.701839,-6.785881,"Spain"
es_extremadura_badajoz,"ES Extremadura Badajoz",38.882808,-7.010820,"Spain"
es_extremadura_caceres,"ES Extremadura Caceres",39.478583,-6.343467,"Spain"
es_extremadura_las_majadas,"ES Extremadura Las Majadas",39.941500,-5.773300,"Spain"
es_extremadura_las_majadas_del_tietar_caceres,"ES Extremadura Las Majadas del Tietar Caceres",39.949444,-5.788056,"Spain"
es_extremadura_majadas_del_tietar_north,"ES Extremadura Majadas del Tietar North",39.942690,-5.778683,"Spain"
es_extremadura_majadas_del_tietar_south,"ES Extremadura Majadas del Tietar South",39.934592,-5.775881,"Spain"
es_granada_granada,"ES Granada Granada",37.164000,-3.605000,"Spain"
es_huelva_donana_pajarera,"ES Huelva Donana Pajarera",36.996200,-6.443200,"Spain"
es_huelva_donana_resoliman,"ES Huelva Donana Resoliman",37.073300,-6.433400,"Spain"
es_huelva_el_arenosillo,"ES Huelva El Arenosillo",37.105000,-6.733470,"Spain"
es_huelva_monte_blanco,"ES Huelva Monte Blanco",37.022400,-6.554900,"Spain"
es_huelva_torre_palacio,"ES Huelva Torre Palacio",36.990500,-6.442600,"Spain"
es_illesbalears_cap_d_en_font,"ES Illes Balears Cap d En Font",39.825722,4.208167,"Spain"
es_illesbalears_ciutadella_menorca,"ES Illes Balears Ciutadella Menorca",39.985279,3.836864,"Spain"
es_islasbaleares_palma_de_mallorca,"ES Islas Baleares Palma de Mallorca",39.553300,2.625100,"Spain"
es_murcia_aemet,"ES Murcia AEMET",38.001000,-1.170700,"Spain"
es_paisvasco_zambrana,"ES Pais Vasco Zambrana",42.932500,-2.853055,"Spain"
es_santacruz_la_palma,"ES Santa Cruz La Palma",28.763900,-17.893900,"Spain"
es_valencia_aras_de_los_olmos,"ES Valencia Aras de los Olmos",39.945000,-1.101600,"Spain"
es_valencia_burjassot,"ES Valencia Burjassot",39.507000,-0.420200,"Spain"
es_valencia_moncada,"ES Valencia Moncada",39.588190,-0.399690,"Spain"
es_valladolid_universidad,"ES Valladolid Universidad",41.663600,-4.705830,"Spain"
fi_easternfinland_anttila,"FI Eastern Finland Anttila",63.163580,27.234700,"Finland"
fi_easternfinland_kuopio,"FI Eastern Finland Kuopio",62.892414,27.633606,"Finland"
fi_easternfinland_pappilansuo,"FI Eastern Finland Pappilansuo",63.138190,27.245740,"Finland"
fi_easternfinland_sarkisuo,"FI Eastern Finland Sarkisuo",63.151580,27.237390,"Finland"
fi_etela-suomi_helsinki_lighthouse,"FI Etela Suomi Helsinki Lighthouse",59.948970,24.926360,"Finland"
fi_etela-suomi_uto__baltic_sea,"FI Etela Suomi Ut Baltic sea",59.783333,21.383333,"Finland"
fi_helsinki_kumpula,"FI Helsinki Kumpula",60.202887,24.961046,"Finland"
fi_lansi-suomi_alkkia_scots_pine_forest,"FI Lansi Suomi Alkkia Scots pine forest",62.183361,22.783472,"Finland"
fi_lansi-suomi_arm_hyytialafinland,"FI Lansi Suomi ARM Hyytiala",61.843536,24.287847,"Finland"
fi_lansi-suomi_hyytiala,"FI Lansi Suomi Hyytiala",61.847410,24.294770,"Finland"
fi_lansi-suomi_kuivajrvi,"FI Lansi Suomi Kuivajrvi",61.846670,24.280280,"Finland"
fi_lansi-suomi_kuivajrvi2,"FI Lansi Suomi Kuivajrvi 2",61.846506,24.280400,"Finland"
fi_lansi-suomi_siikaneva_2_bog,"FI Lansi-Suomi Siikaneva 2 Bog",61.837200,24.169700,"Finland"
fi_lansi-suomi_siikaneva_necc,"FI Lansi Suomi Siikaneva NECC",61.832683,24.192783,"Finland"
fi_lansi-suomi_smear_ii_hyytiala,"FI Lansi Suomi SMEAR II Hyytil",61.516667,24.283333,"Finland"
fi_lapland_sodankyla,"FI Lapland Sodankyla",67.362386,26.638591,"Finland"
fi_northernostrobothnia_siikajoki,"FI Northern Ostrobothnia Siikajoki",64.780700,24.651500,"Finland"
fi_paijannetavastia_vesijako,"FI Paijanne Tavastia Vesijako",61.371600,25.105500,"Finland"
fi_pargas_qvidja,"FI Pargas Qvidja",60.295242,22.391607,"Finland"
fi_pirkanmaa_hyytiala_clear_cut,"FI Pirkanmaa Hyytiala Clear Cut",61.843850,24.304333,"Finland"
fi_pirkanmaa_siikaneva_2_bog,"FI Pirkanmaa Siikaneva 2 Bog",61.837200,24.196700,"Finland"
fi_pohjois-suomi_kaamanen,"FI Pohjois Suomi Kaamanen",69.140556,27.283333,"Finland"
fi_pohjois-suomi_kenttarova_matorova_spruce_forest,"FI Pohjois Suomi Kenttarova Matorova spruce forest",67.987222,24.243056,"Finland"
fi_pohjois-suomi_lompolojankka,"FI Pohjois Suomi Lompolojnkk 2",68.214440,24.353060,"Finland"
fi_pohjois-suomi_lompolojnkk,"FI Pohjois Suomi Lompolojnkk",67.997239,24.209178,"Finland"
fi_pohjois-suomi_pallas,"FI Pohjois Suomi Pallas",67.966667,24.116667,"Finland"
fi_pohjois-suomi_sodankyla,"FI Pohjois Suomi Sodankyla",67.366620,26.629570,"Finland"
fi_pohjois-suomi_varrio,"FI Pohjois Suomi Varrio",67.766667,29.583333,"Finland"
fi_pohjois-suomi_varrio_2,"FI Pohjois Suomi Varrio",67.754900,29.610000,"Finland"
fi_pohjois_suomi_kaamanen_1,"FI Pohjois Suomi Kaamanen",69.140570,27.269850,"Finland"
fi_southernfinland_helsinki,"FI Southern Finland Helsinki",60.203733,24.960650,"Finland"
fi_southernfinland_jokioinen,"FI SouthernFinland Jokioinen",60.898600,23.513450,"Finland"
fi_tavastiaproper_kalevansuo,"FI Tavastia Proper Kalevansuo",60.646833,24.356167,"Finland"
fi_tavastiaproper_lettosuo,"FI Tavastia Proper Lettosuo",60.641830,23.959520,"Finland"
fi_uusimaa_tvarminne,"FI Uusimaa Tvarminne",59.841801,23.250271,"Finland"
fi_varsinais_suomi_oulanka,"FI Varsinais-Suomi Oulanka",66.377517,29.307681,"Finland"
fr_aragon_pyrenees,"FR Aragon Pyrenees",42.733333,-0.416667,"France"
fr_auvergne-rhone-alpes_aubiere_lamp,"FR Auvergne Rhone Alpes Aubiere LAMP",45.760960,3.111072,"France"
fr_auvergne-rhone-alpes_laqueuille,"FR Auvergne Rhone Alpes Laqueuille",45.643056,2.735833,"France"
fr_auvergne-rhone-alpes_laqueuille_2,"FR Auvergne Rhone Alpes Laqueuille",45.644400,2.734900,"France"
fr_auvergne-rhone-alpes_laqueuille_extensive,"FR Auvergne Rhone Alpes Laqueuille extensive",45.639194,2.737028,"France"
fr_auvergne-rhone-alpes_laqueuille_intensive,"FR Auvergne-Rhone-Alpes Laqueuille intensive",45.643710,2.734860,"France"
fr_auvergne-rhone-alpes_puy_de_dome,"FR Auvergne Rhone Alpes Puy de Dme",45.771944,2.965833,"France"
fr_bretagne_lannion,"FR Bretagne Lannion",48.730833,-3.461944,"France"
fr_bretagne_portsall,"FR Bretagne Portsall",48.583333,-4.666667,"France"
fr_bretagne_roc_tredudon,"FR Bretagne Roc Tredudon",48.406667,-3.909722,"France"
fr_brittany_naizin,"FR Brittany Naizin",48.005833,-2.817222,"France"
fr_cataluna_castellar,"FR Cataluna Castellar",42.305014,2.033568,"France"
fr_centre-valdeloire_fougeres,"FR Centre-ValdeLoire Fougeres",48.383000,-1.185000,"France"
fr_centre-valdeloire_fougeres_2,"FR Centre-ValdeLoire Fougeres",48.380000,-1.180000,"France"
fr_centre-valdeloire_la_guette,"FR Centre-ValdeLoire La Guette",47.322853,2.283775,"France"
fr_centre-valdeloire_orlean_bricy,"FR Centre Valde Loire Orlean Bricy",47.986667,1.761111,"France"
fr_centre-valdeloire_trainou,"FR Centre Valde Loire Trainou",47.964722,2.112500,"France"
fr_champagne_ardenne_osne_le_val,"FR Champagne Ardenne Osne le Val",48.508460,5.213463,"France"
fr_corse_ersa,"FR Corse Ersa",43.003669,9.359289,"France"
fr_corse_montesoro_bastia,"FR Corse Montesoro Bastia",42.671983,9.435050,"France"
fr_corse_san_giuliano,"FR Corse San Giuliano",42.285556,9.519167,"France"
fr_grand-est_hesse,"FR Grand Est Hesse",48.666667,7.083333,"France"
fr_grand-est_hesse1,"FR Grand Est Hesse1",48.674160,7.065560,"France"
fr_grand-est_montiers_sur_saulx,"FR Grand Est Montiers sur Saulx",48.538160,5.311870,"France"
fr_grand-est_obernai,"FR Grand Est OBERNAI",48.442778,7.542500,"France"
fr_grand-est_observatoire_perenne_de_lenvironnement,"FR Grand Est Observatoire Prenne del Environnement",48.483889,5.357500,"France"
fr_grand-est_rossfeld,"FR Grand Est Rossfeld",48.335139,7.624750,"France"
fr_guipavas_brest_mf,"FR Guipavas Brest MF",48.444560,-4.411860,"France"
fr_hauts-de-france_estres_mons,"FR Hauts de France Estres Mons",49.872108,3.020650,"France"
fr_hautsdefrance_caillouel,"FR Hauts de France Caillouel",49.619914,3.126810,"France"
fr_houdelaincourt_bure_ope,"FR Houdelaincourt Bure OPE",48.562500,5.505000,"France"
fr_ile-de-france_grignon,"FR Ile-de-France Grignon",48.844220,1.951910,"France"
fr_ile_de_france_barbeau,"FR Ile de France Barbeau",48.476358,2.780096,"France"
fr_ile_de_france_creteil,"FR Ile de France Creteil",48.788500,2.442783,"France"
fr_ile_de_france_fontainbleu,"FR Ile de France Fontainbleu",48.466667,2.783333,"France"
fr_ile_de_france_fontainebleau,"FR Ile de France Fontainebleau",48.406667,2.680278,"France"
fr_ile_de_france_paris,"FR Ile de France Paris",48.866667,2.333333,"France"
fr_ile_de_france_saclay,"FR Ile de France Saclay",48.733330,2.166660,"France"
fr_iledefrance_grand_morin,"FR Ile de France Grand Morin",48.455000,2.960000,"France"
fr_illeetvilaine_mejusseaume,"FR IlleetVilaine Mejusseaume",48.118381,-1.796318,"France"
fr_languedoc_roussillon_puechabon,"FR Languedoc Roussillon Puchabon",43.741390,3.595833,"France"
fr_lareunion_opar_la_reunion,"FR La Reunion OPAR",-21.083333,55.391667,"France"
fr_lareunion_reunion_st_denis,"FR La Reunion Reuion St Denis",-20.883333,55.483333,"France"
fr_midi_pyrenees_aurade,"FR Midi Pyrenees Aurade",43.549400,1.107700,"France"
fr_midi_pyrenees_aurade_2,"FR Midi Pyrenees Aurade",43.549653,1.106096,"France"
fr_midi_pyrenees_lamasquere,"FR Midi Pyrenees Lamasquere",43.493300,1.237200,"France"
fr_midi_pyrenees_lamasquere_2,"FR Midi Pyrenees Lamasquere",43.496480,1.237850,"France"
fr_midi_pyrenees_le_fauga,"FR Midi Pyrenees Le Fauga",43.384230,1.284600,"France"
fr_midi_pyrenees_monoprix,"FR Midi Pyrenees Monoprix",43.603600,1.445300,"France"
fr_midi_pyrenees_pic_du_midi,"FR Midi Pyrenees Pic du midi",42.937217,0.141300,"France"
fr_midi_pyrenees_seysses,"FR Midi Pyrenees Seysses",43.503333,1.259722,"France"
fr_midi_pyrenees_tarbes_etal,"FR Midi Pyrenees Tarbes Etal",43.224033,0.049283,"France"
fr_midi_pyrenees_toulouse,"FR Midi Pyrenees Toulouse",43.561944,1.476389,"France"
fr_nord_pas_de_calais_dunkerque,"FR Nord Pas de Calais Dunkerque",51.035350,2.368117,"France"
fr_nord_pas_de_calais_lille,"FR Nord Pas de Calais Lille",50.611667,3.141667,"France"
fr_nouvelle-aquitaine_arcachon,"FR Nouvelle Aquitaine Arcachon",44.663528,-1.163222,"France"
fr_nouvelle-aquitaine_bilos,"FR Nouvelle Aquitaine Bilos",44.494444,-0.956111,"France"
fr_nouvelle-aquitaine_bilos_2,"FR Nouvelle Aquitaine Bilos",44.493672,-0.956082,"France"
fr_nouvelle-aquitaine_biscarrosse,"FR Nouvelle Aquitaine Biscarrosse",44.378056,-1.231111,"France"
fr_nouvelle-aquitaine_bordeaux,"FR Nouvelle Aquitaine Bordeaux",44.788028,-0.579167,"France"
fr_nouvelle-aquitaine_couhins,"FR Nouvelle Aquitaine Couhins",44.755556,-0.555556,"France"
fr_nouvelle-aquitaine_ermitage,"FR Nouvelle Aquitaine Ermitage",44.745139,-0.775389,"France"
fr_nouvelle-aquitaine_le_bray,"FR Nouvelle-Aquitaine Le Bray",44.717110,-0.769300,"France"
fr_nouvelle-aquitaine_lusignan,"FR Nouvelle Aquitaine Lusignan",46.433333,0.466667,"France"
fr_nouvelle-aquitaine_lusignan2,"FR Nouvelle Aquitaine Lusignan",46.414250,0.120650,"France"
fr_nouvelle-caledonie_noumea,"FR Nouvelle Caledonie Noumea",-22.301944,166.444167,"France"
fr_occitanie_mauzac,"FR Occitanie Mauzac",43.385278,1.292222,"France"
fr_palaiseau_ecole_polytechnique,"FR Palaiseau Ecole Polytechnique",48.711600,2.215000,"France"
fr_pays-de-la-loire_sap_onevu,"FR Pays de la Loire SAP ONEVU",47.245800,-1.527500,"France"
fr_piton_de_la_fournaise,"FR Piton de la Fournaise",-21.244000,55.708000,"France"
fr_polynesiefrancaise_tahiti,"FR Polynesie Francaise Tahiti",-17.576900,-149.606300,"France"
fr_provence-alpes-cotedazur_frioul,"FR Provence Alpes Cote dAzur Frioul",43.266111,5.293333,"France"
fr_provence-alpes-cotedazur_porquerolles,"FR Provence Alpes Cote dAzur Porquerolles",43.001389,6.161389,"France"
fr_provence-alpes-cotedazur_saint_mandrier,"FR Provence Alpes Cote dAzur Saint Mandrier",43.066944,5.944167,"France"
fr_provence-alpes-cotedazur_villefranche,"FR Provence Alpes Cote dAzur Villefranche",43.683889,7.328889,"France"
fr_provence_alpes_cote_dazur_avignon,"FR Provence Alpes Cote dAzur Avignon",43.932750,4.878067,"France"
fr_provence_alpes_cote_dazur_avignon_2,"FR Provence_Alpes_Cote_dAzur Avignon 2",43.916083,4.878056,"France"
fr_provence_alpes_cote_dazur_caa,"FR Provence Alpes Cote dAzur CAA",43.289802,5.378920,"France"
fr_provence_alpes_cote_dazur_calern_oca,"FR Provence Alpes Cote dAzur Calern OCA",43.748856,6.926844,"France"
fr_provence_alpes_cote_dazur_carpentras,"FR Provence Alpes Cote dAzur Carpentras",44.083333,5.058333,"France"
fr_provence_alpes_cote_dazur_col_du_lautaret,"FR Provence_Alpes_Cote_dAzur Col du Lautaret",45.041400,6.410530,"France"
fr_provence_alpes_cote_dazur_font-blanche,"FR Provence_Alpes_Cote_dAzur Font-Blanche",43.240790,5.678650,"France"
fr_provence_alpes_cote_dazur_marseille,"FR Provence Alpes Cote dAzur Marseille",43.282400,5.383817,"France"
fr_provence_alpes_cote_dazur_observatoire_de_haute,"FR Provence Alpes Cote dAzur Observatoire de Haute Provence",43.930556,5.713889,"France"
fr_provence_alpes_cote_dazur_realtor,"FR Provence Alpes Cote dAzur Realtor",43.485550,5.383817,"France"
fr_provence_alpes_cote_dazur_salon_de_provence,"FR Provence Alpes Cote dAzur Salon de Provence",43.605556,5.120278,"France"
fr_provence_alpes_cote_dazur_toulon,"FR Provence Alpes Cote dAzur Toulon",43.135556,6.009444,"France"
fr_provence_alpes_cote_dazur_vinon,"FR Provence Alpes Cote dAzur Vinon",43.709233,5.758650,"France"
fr_provencealpes_la_crau,"FR Provence Alpes La Crau",43.576500,4.819000,"France"
fr_toulouse_mf,"FR Toulouse MF",43.572610,1.374320,"France"
fr_toulouse_mf_2,"FR Toulouse MF",43.572855,1.374740,"France"
ga_etimboue_rabi,"GA Etimboue Rabi",-1.924600,9.880000,"Gabon"
ga_ogooue_ivindo_segc_lope_gabon,"GA Ogooue Ivindo SEGC Lope Gabon",-0.201550,11.600820,"Gabon"
gb_aberdeen_lerwick,"GB Aberdeen Lerwick",60.133300,-1.183300,"United Kingdom"
gb_aberdeen_shetland_islands,"GB Aberdeen Shetland Islands",60.283333,-1.283333,"United Kingdom"
gb_aberdeenshire_glensaugh,"GB Aberdeenshire Glensaugh",56.909267,-2.553374,"United Kingdom"
gb_ceredigion_penglais_ec1,"GB Ceredigion Penglais EC1",52.422332,-4.068402,"United Kingdom"
gb_denbighshire_rhyl_mo,"GB Denbighshire Rhyl MO",53.259290,-3.508590,"United Kingdom"
gb_dumfriesandgalloway_caimgorms,"GB Dumfries and Galloway Cairngorms",55.233333,-3.233333,"United Kingdom"
gb_dumfriesandgalloway_polden,"GB Dumfries and Galloway Polden",55.286833,-3.401500,"United Kingdom"
gb_eastlothian_east_saltoun,"GB EastLothian East Saltoun",55.906944,-2.858611,"United Kingdom"
gb_edinburgh_edinburgh,"GB University of Edinburgh",55.923967,-3.179150,"United Kingdom"
gb_england_barton_bendish_east_anglia,"GB England Barton Bendish East Anglia",52.618000,0.524000,"United Kingdom"
gb_england_eastmalling_mo,"GB England EastMalling MO",51.290000,0.440000,"United Kingdom"
gb_england_exeter_mo,"GB England Exeter MO",50.728519,-3.475167,"United Kingdom"
gb_england_london_bt,"GB England London BT",51.521500,-0.138900,"United Kingdom"
gb_england_london_ucl_uao,"GB England London UCL UAO",51.524270,-0.131101,"United Kingdom"
gb_england_millhaft,"GB England Millhaft",52.800796,-2.298830,"United Kingdom"
gb_england_north_wyke,"GB England North Wyke",50.781933,-3.917805,"United Kingdom"
gb_gwynedd_yr_wyddfasnowdon,"GB Gwynedd Yr WyddfaSnowdon",53.074551,-4.033512,"United Kingdom"
gb_highland_cairngorms,"GB Highland Cairngorms",57.116344,-3.829716,"United Kingdom"
gb_midlothian_auchencorth_moss,"GB Midlothian Auchencorth Moss",55.766667,-3.266667,"United Kingdom"
gb_midlothian_auchencorth_moss_2,"GB Midlothian Auchencorth Moss",55.792500,-3.243620,"United Kingdom"
gb_midlothian_easter_bush,"GB Midlothian Easter Bush",55.866667,-3.166667,"United Kingdom"
gb_midlothian_easter_bush_2,"GB Midlothian Easter Bush",55.866000,-3.205778,"United Kingdom"
gb_northernireland_hillsborough,"GB Northern Ireland Hillsborough",54.453401,-6.078127,"United Kingdom"
gb_perthshireandkinross_griffin,"GB Perthshire and Kinross Griffin",56.607222,-3.798056,"United Kingdom"
gf_cayenne_carpagg,"GF Cayenne Carpagg",5.353100,-53.004000,"French Guiana"
gf_cayenne_cayenne,"GF Cayenne",4.940278,-52.321944,"French Guiana"
gf_cayenne_guyaflux_french_guiana,"GF Cayenne Guyaflux French Guiana",5.278772,-52.924862,"French Guiana"
gf_cayenne_nouragues_european_tropical_research_station,"GF Cayenne Nouragues European Tropical Research Station",4.087768,-52.086228,"French Guiana"
gf_cayenne_nouragues_european_tropical_research_station2,"GF Cayenne Nouragues European Tropical Research Station",4.042300,-52.674950,"French Guiana"
gf_cayenne_paracou,"GF Cayenne Paracou",5.266944,-52.925833,"French Guiana"
gh_easternregion_koforidua_anuc,"GH Eastern Region Koforidua ANUC",6.109408,-0.302058,"Ghana"
gh_upperwestregion_djougou_m,"GH Upper West Region Djougou M",9.739300,-2.643135,"Ghana"
gh_upperwestregion_djougou_ofr,"GH Upper West Region Djougou OFr",9.783333,-1.716667,"Ghana"
gh_westernregion_ankasa,"GH Western Region Ankasa",5.268543,-2.694206,"Ghana"
gh_westernregion_to_be_decided,"GH Western Region",5.266667,-2.683333,"Ghana"
gl_kommunekujalleq_narsarsuaq,"GL Kommune Kujalleq Narsarsuaq",61.155952,-45.419379,"Greenland"
gl_kommuneqarfiksermersooq_ittoqqortoormiit,"GL Kommuneqarfik Sermersooq Ittoqqortoormiit",70.484800,-21.951200,"Greenland"
gl_kommuneqarfiksermersooq_ivittuut,"GL Kommuneqarfik Sermersooq Ivittuut",61.206944,-48.169722,"Greenland"
gl_kommuneqarfiksermersooq_kobbefjord,"GL KommuneqarfikSermersooq Kobbefjord",64.138200,-51.378400,"Greenland"
gl_kommuneqarfiksermersooq_nuuk_fen,"GL Kommuneqarfik Sermersooq Nuuk Fen",64.130833,-51.386111,"Greenland"
gl_nationalparken_greenland,"GL Nationalparken Greenland",74.633333,-20.566667,"Greenland"
gl_nationalparken_greenland_summit,"GL Nationalparken Greenland Summit",72.566700,-38.483300,"Greenland"
gl_nationalparken_zackenberg_fen,"GL Nationalparken Zackenberg Fen",74.481522,-20.555773,"Greenland"
gl_nationalparken_zackenberg_heath,"GL Nationalparken Zackenberg Heath",74.473299,-20.550869,"Greenland"
gl_north_pole,"GL North Pole",88.803330,24.254330,"Greenland"
gl_pituffik_thule,"GL Pituffik Thule",76.516102,-68.769001,"Greenland"
gl_qeqertalik_disko,"GL Qeqertalik Disko",69.253490,-53.514130,"Greenland"
gl_qeqqatakommunia_kangerlussuaq,"GL Qeqqata Kommunia Kangerlussuaq",66.995800,-50.621400,"Greenland"
gp_lesabymes_guadeloup,"GP Les Abymes Guadeloup",16.224920,-61.528380,"Guadeloupe"
gr_anatolikimakedoniakaithraki_vocals,"GR Anatoliki Makedoniakai Thraki Vocals",40.889737,24.848930,"Greece"
gr_anatolikimakedoniakaithraki_xanthi,"GR Anatoliki Makedoniakai Thraki Xanthi",41.146767,24.918950,"Greece"
gr_athens_noa,"GR Athens NOA",37.972100,23.718000,"Greece"
gr_heraklion_kornarou,"GR Heraklion Kornarou",35.336100,25.132800,"Greece"
gr_heraklion_mastabas,"GR Heraklion Mastabas",35.323400,25.130200,"Greece"
gr_kentrikimakedonia_eim_sindos,"GR Kentriki Makedonia EIM Sindos",40.689717,22.799667,"Greece"
gr_kriti_crete,"GR Kriti CRETE",35.337667,25.667833,"Greece"
gr_kriti_finokalia,"GR Kriti Finokalia",35.316667,25.666667,"Greece"
gr_kriti_forth_crete,"GR Kriti Forth Crete",35.332694,25.282417,"Greece"
gr_kriti_kolimbari,"GR Kriti Kolimbari",35.533333,23.783333,"Greece"
gr_nikolaos_finokalia_fkl,"GR Nikolaos Finokalia FKL",35.337710,25.669760,"Greece"
gr_thessaloniki_aristotle_university,"GR Thessaloniki Aristotle University",40.630000,22.960000,"Greece"
gr_trikala_pertouli,"GR Trikala Pertouli",39.543400,21.498900,"Greece"
gu_guam_apra_harbor,"GU Guam Apra Harbor",13.420442,144.663103,"Guam"
gu_guam_guam,"GU Guam",13.430617,144.800783,"Guam"
hk_mai_po_mangrove,"HK Mai Po Mangrove",22.498167,114.029236,"Hong Kong"
hr_zagreb_jastrebarsko_oak_forest,"HR Zagreb Jastrebarsko oak forest",45.619400,15.687700,"Croatia"
hu_bacs_kiskun_bugac,"HU Bacs Kiskun Bugac",46.691101,19.601299,"Hungary"
hu_gyor_moson_sopron_sopron,"HU Gyor Moson Sopron",47.655873,16.454474,"Hungary"
hu_heves_matra,"HU Heves Matra",47.846901,19.726000,"Hungary"
hu_vas_hegyhatsal,"HU Vas Hegyhatsal",46.955150,16.652661,"Hungary"
hu_vas_hegyhatsal_tower_2,"HU Vas Hegyhatsal Tower 2",46.955833,16.655556,"Hungary"
id_bandung_itb,"ID Bandung ITB",-6.888420,107.610000,"Indonesia"
id_banten_puspiptek,"ID Banten Puspiptek",-6.355600,106.664383,"Indonesia"
id_central_kalimantan_palangkaraya_undrained_forest,"ID Central Kalimantan Palangkaraya undrained forest",-2.320000,113.900000,"Indonesia"
id_centralkalimantan_palangkaraya,"ID Central Kalimantan Palangkaraya",-2.227990,113.946240,"Indonesia"
id_centralkalimantan_palangkaraya_2,"ID Central Kalimantan Palangkaraya",-2.345000,114.036003,"Indonesia"
id_daerahkhususibukotajakarta_jakarta,"ID Jakarta Daerah Khusus Ibukota",-6.155695,106.841687,"Indonesia"
id_eastkalimantan_bukit_soeharto,"ID East Kalimantan Bukit Soeharto",-0.861389,117.044722,"Indonesia"
id_eastnusatenggara_kupang,"ID East Nusa Tenggara Kupang",-10.139178,123.667097,"Indonesia"
id_irianjayabarat_sorong,"ID Irian Jaya Barat Sorong",-0.874600,131.267700,"Indonesia"
id_jambi_jambi,"ID Jambi",-1.632445,103.641563,"Indonesia"
id_kalimantanbarat_pontianak,"ID Kalimantan Barat Pontianak",0.075380,109.190860,"Indonesia"
id_kalimantantengah_palangkaraya,"ID Kalimantan Tengah Palangkaraya",-2.333333,114.033333,"Indonesia"
id_riau_kandistasari_research_site,"ID Riau Kandistasari Research Site",1.000000,101.266667,"Indonesia"
id_sulawesiselatan_makassar,"ID Sulawesi Selatan Makassar",-4.997680,119.572270,"Indonesia"
id_sumatera_utara_sinabung,"ID Sumatera Utara Sinabung",3.170000,98.392000,"Indonesia"
id_sumaterabarat_bukit_kototabang,"ID Sumatera Barat Bukit Kototabang",-0.201940,100.318050,"Indonesia"
id_tengger_caldera,"ID Tengger Caldera",-7.942000,112.950000,"Indonesia"
ie_carlow_carlow_crop,"IE Carlow Carlow crop",52.858792,-6.918136,"Ireland"
ie_carlow_carlow_grassland,"IE Carlow Carlow grassland",52.867580,-6.911170,"Ireland"
ie_co_laois,"IE Co Laois",52.950001,-7.250000,"Ireland"
ie_connacht_derry_lower,"IE Connacht Derry Lower",53.456470,-9.892840,"Ireland"
ie_cork_cork_ucc,"IE Cork Cork UCC",51.892410,-8.493760,"Ireland"
ie_cork_donoughmore,"IE Cork Donoughmore",51.986179,-8.753931,"Ireland"
ie_cork_dripsey,"IE Cork Dripsey",51.985400,-8.751100,"Ireland"
ie_cork_dripsey_2,"IE Cork Dripsey",51.986694,-8.751806,"Ireland"
ie_dublin_marrowbone_lane,"IE Dublin Marrowbone Lane",53.340204,-6.284496,"Ireland"
ie_galway_mace_head,"IE Galway Mace Head",53.316667,-9.883333,"Ireland"
ie_kerry_killorglin,"IE Kerry Killorglin",51.966667,-9.916667,"Ireland"
ie_kerry_killorglin_glencar,"IE Kerry Killorglin Glencar",51.968361,-9.900306,"Ireland"
ie_kilkenn_gowran,"IE Kilkenn Gowran",52.636500,-7.011306,"Ireland"
ie_leinster_dooary,"IE Leinster Dooary",52.948732,-7.253945,"Ireland"
ie_munster_gurteen_farm,"IE Munster Gurteen Farm",53.040251,-8.001742,"Ireland"
ie_offaly_clara,"IE Offaly Clara",53.322979,-7.641770,"Ireland"
ie_wexford_wexford,"IE Wexford Wexford",52.298194,-6.499778,"Ireland"
il_amiaz,"IL Amiaz",31.067081,35.341975,"Israel"
il_eilat,"IL Eilat",29.502500,34.917500,"Israel"
il_hadarom_sede_boqer,"IL Sede Boqer",30.859700,34.779400,"Israel"
il_hadarom_shizafon,"IL Shizafon",30.064825,35.030167,"Israel"
il_haifa_technion,"IL Haifa Technion",32.775870,35.024900,"Israel"
il_hamerkaz_nes_ziona,"IL Ha Merkaz Nes Ziona",31.922500,34.789167,"Israel"
il_hamerkaz_weizmann_institute,"IL Ha Merkaz Weizmann Institute",31.907235,34.810531,"Israel"
il_northerndistrict_migal,"IL Northern District Migal",33.236394,35.578278,"Israel"
il_south_shahariya,"IL South Shahariya",31.599908,34.832867,"Israel"
il_yatir,"IL Yatir",31.346944,35.051944,"Israel"
il_yatir_2,"IL Yatir",31.345045,35.051989,"Israel"
in_andamanandnicobarislands_port_blair,"IN Andaman and Nicobar Islands Port Blair",11.654722,92.757222,"India"
in_andhrapradesh_vishkhapatnam,"IN Andhra Pradesh Vishkhapatnam",17.723950,83.326933,"India"
in_assam_dibrugarh_univ,"IN Assam Dibrugarh Univ",27.450850,94.896890,"India"
in_dadraandnagarhaveli_ahmedabad,"IN Dadraand Nagar Haveli Ahmedabad",23.016667,72.516667,"India"
in_dadraandnagarhaveli_gandhinagar,"IN Dadraand Nagar Haveli Gandhinagar",23.110100,72.627600,"India"
in_delhi_iari_flux_site,"IN Delhi IARI Flux Site",28.643839,77.152712,"India"
in_delhi_new_delhi,"IN New Delhi Indian Institute of Meteorology",28.630467,77.175100,"India"
in_goa_goa_india,"IN Goa India",15.452500,73.806111,"India"
in_haryana_amity_univ_gurgaon,"IN Haryana Amity Univ Gurgaon",28.317330,76.916030,"India"
in_haryana_mobile_n_011509_nd,"IN Haryana Mobile N 011509 ND",28.421230,76.919330,"India"
in_haryana_mobile_s_011509_nd,"IN Haryana Mobile S 011509 ND",28.348240,76.939550,"India"
in_jambi_oil_palm_plantation,"IN Jambi Oil Palm Plantation",-1.693056,103.391389,"Indonesia"
in_jammuandkashmir_hanle,"IN Jammu and Kashmir Hanle",32.779444,78.964167,"India"
in_karnataka_dharwar,"IN Karnataka Dharwar",15.428611,74.988611,"India"
in_kerala_ponmudi,"IN Kerala Ponmudi",8.757728,77.116014,"India"
in_kerala_trivandrum,"IN Kerala Trivandrum",8.533333,76.866667,"India"
in_madhyapradesh_betul_flux_research_site,"IN Madhya Pradesh Betul Flux Research Site",21.863011,77.426019,"India"
in_madhyapradesh_chitrakoot,"IN Madhya Pradesh Chitrakoot",25.147880,80.855180,"India"
in_madhyapradesh_mobile_s_051308w,"IN Madhya Pradesh Mobile S 051308W",26.636032,78.869934,"India"
in_madhyapradesh_mobile_s_052908w,"IN Madhya Pradesh Mobile S 052908W",26.663700,78.898900,"India"
in_madhyapradesh_mobile_s_061408w,"IN Madhya Pradesh Mobile S 061408W",26.683150,78.918800,"India"
in_maharashtra_pune,"IN Maharashtra Pune",18.537255,73.805491,"India"
in_newdelhi_gual_pahari,"IN New Delhi Gual Pahari",28.426090,77.150470,"India"
in_newdelhi_imd,"IN New Delhi IMD",28.588500,77.221600,"India"
in_orissa_central_rice_research_institute_crri,"IN Orissa Central Rice Research Institute CRRI",20.451883,85.940267,"India"
in_rajasthan_hand_jaipur,"IN Rajasthan Hand Jaipur",26.905817,75.806217,"India"
in_riau_degraded_tropical_peatland,"IN Riau Degraded Tropical Peatland",0.699491,102.793305,"Indonesia"
in_riau_intact_tropical_peatland,"IN Riau Intact Tropical Peatland",0.395204,102.764551,"Indonesia"
in_tamilnadu_karunya_university,"IN Tamil Nadu Karunya University",10.935300,76.744100,"India"
in_tamilnadu_mudumalai,"IN Tamil Nadu Mudumalai",11.598900,76.533800,"India"
in_tamilnadu_pondicherry,"IN Tamil Nadu Pondicherry",12.012500,79.858333,"India"
in_tamilnadu_tiruvallur,"IN Tamil Nadu Tiruvallur",13.092300,79.973800,"India"
in_uttaranchal_barkot_flux_research_site,"IN Uttaranchal Barkot Flux Research Site",30.110682,78.203430,"India"
in_uttaranchal_haldwani_forest_plantation,"IN Uttaranchal Haldwani Forest Plantation",29.149319,79.421103,"India"
in_uttaranchal_mobile_ddun_051308w,"IN Uttaranchal Mobile Dun 051308W",30.234656,77.948764,"India"
in_uttaranchal_nainital,"IN Uttaranchal Nainital",29.358830,79.458270,"India"
in_uttaranchal_pantnagar,"IN Uttaranchal Pantnagar",29.046339,79.520889,"India"
in_uttarpradesh_bareilly,"IN Uttar Pradesh Bareilly",28.389960,79.436960,"India"
in_uttarpradesh_gandhi_college,"IN UttarPradesh Gandhi College",25.871000,84.127940,"India"
in_uttarpradesh_ganges_valley_india__maos_site,"IN Uttar Pradesh Ganges Valley India MAOS site",26.760594,80.889339,"India"
in_uttarpradesh_hand_e_050608,"IN Uttar Pradesh Hand E 050608",26.310560,80.513650,"India"
in_uttarpradesh_hand_e_052208,"IN Uttar Pradesh Hand E 052208",26.311853,80.535750,"India"
in_uttarpradesh_hand_e_060708,"IN Uttar Pradesh Hand E 060708",26.454992,80.550952,"India"
in_uttarpradesh_hand_e_062308,"IN Uttar Pradesh Hand E 062308",26.517783,80.502767,"India"
in_uttarpradesh_hand_kanpur_north,"IN Uttar Pradesh Hand Kanpur North",26.498573,80.312084,"India"
in_uttarpradesh_hand_kanpur_panki,"IN Uttar Pradesh Hand Kanpur Panki",26.478837,80.256383,"India"
in_uttarpradesh_hand_kanpur_south,"IN Uttar Pradesh Hand Kanpur South",26.410696,80.317334,"India"
in_uttarpradesh_hand_n_050608,"IN Uttar Pradesh Hand N 050608",26.325340,80.483710,"India"
in_uttarpradesh_hand_n_052208,"IN Uttar Pradesh Hand N 052208",26.330975,80.509415,"India"
in_uttarpradesh_hand_n_060708,"IN Uttar Pradesh Hand N 060708",26.471783,80.521825,"India"
in_uttarpradesh_hand_n_062308,"IN Uttar Pradesh Hand N 062308",26.534002,80.472744,"India"
in_uttarpradesh_hand_s_050608,"IN Uttar Pradesh Hand S 050608",26.285554,80.492658,"India"
in_uttarpradesh_hand_s_052208,"IN Uttar Pradesh Hand S 052208",26.285554,80.519205,"India"
in_uttarpradesh_hand_s_060708,"IN Uttar Pradesh Hand S 060708",26.427958,80.532308,"India"
in_uttarpradesh_hand_s_062308,"IN Uttar Pradesh Hand S 062308",26.491036,80.483767,"India"
in_uttarpradesh_hand_w_050608,"IN Uttar Pradesh Hand W 050608",26.302580,80.463120,"India"
in_uttarpradesh_hand_w_052208,"IN Uttar Pradesh Hand W 052208",26.305433,80.490139,"India"
in_uttarpradesh_hand_w_060708,"IN Uttar Pradesh Hand W 060708",26.444729,80.503528,"India"
in_uttarpradesh_hand_w_062308,"IN Uttar Pradesh Hand W 062308",26.508091,80.453910,"India"
in_uttarpradesh_kanpur,"IN Uttar Pradesh Kanpur",26.512778,80.231639,"India"
in_uttarpradesh_kanpur_central_rr,"IN Uttar Pradesh Kanpur Central RR",26.455467,80.350620,"India"
in_uttarpradesh_mobile_c_060708,"IN Uttar Pradesh Mobile C 060708",26.449369,80.526795,"India"
in_uttarpradesh_mobile_c_062308,"IN Uttar Pradesh Mobile C 062308",26.307090,80.529580,"India"
in_uttarpradesh_mobile_kanpur_east,"IN Uttar Pradesh Mobile Kanpur East",26.458519,80.439397,"India"
in_uttarpradesh_mobile_kanpur_se,"IN Uttar Pradesh Mobile Kanpur SE",26.378525,80.418110,"India"
in_uttarpradesh_mobile_kanpur_south,"IN Uttar Pradesh Mobile Kanpur South",26.352916,80.300721,"India"
in_uttarpradesh_mobile_kanpur_w2,"IN Uttar Pradesh Mobile Kanpur W2",26.418500,80.121720,"India"
in_uttarpradesh_mobile_n_050608,"IN Uttar Pradesh Mobile N 050608",26.506240,80.439070,"India"
in_uttarpradesh_mobile_n_051308w,"IN Uttar Pradesh Mobile N 051308W",26.994310,78.777620,"India"
in_uttarpradesh_mobile_n_051508e,"IN Uttar Pradesh Mobile N 051508E",26.773544,81.928933,"India"
in_uttarpradesh_mobile_n_052208,"IN Uttar Pradesh Mobile N 052208",26.509870,80.464300,"India"
in_uttarpradesh_mobile_n_052908w,"IN Uttar Pradesh Mobile N 052908W",26.952400,78.826600,"India"
in_uttarpradesh_mobile_n_053108e,"IN Uttar Pradesh Mobile N 053108E",26.768740,81.970210,"India"
in_uttarpradesh_mobile_n_060708,"IN Uttar Pradesh Mobile N 060708",26.530687,80.505745,"India"
in_uttarpradesh_mobile_n_061408w,"IN Uttar Pradesh Mobile N 061408W",26.927970,78.857800,"India"
in_uttarpradesh_mobile_n_061608e,"IN Uttar Pradesh Mobile N 061608E",26.769850,81.981180,"India"
in_uttarpradesh_mobile_n_062308,"IN Uttar Pradesh Mobile N 062308",26.513011,80.478321,"India"
in_uttarpradesh_mobile_s_050608,"IN Uttar Pradesh Mobile S 050608",26.125130,80.532820,"India"
in_uttarpradesh_mobile_s_051508e,"IN Uttar Pradesh Mobile S 051508E",26.242848,82.061369,"India"
in_uttarpradesh_mobile_s_052208,"IN Uttar Pradesh Mobile S 052208",26.115650,80.562140,"India"
in_uttarpradesh_mobile_s_053108e,"IN Uttar Pradesh Mobile S 053108E",26.216392,82.106651,"India"
in_uttarpradesh_mobile_s_060708,"IN Uttar Pradesh Mobile S 060708",26.105807,80.610912,"India"
in_uttarpradesh_mobile_s_061608e,"IN Uttar Pradesh Mobile S 061608E",26.305600,82.096560,"India"
in_uttarpradesh_mobile_s_062308,"IN Uttar Pradesh Mobile S 062308",26.147783,80.570527,"India"
in_westbengal_bose_institute,"IN West Bengal Bose Institute",27.031467,88.261403,"India"
in_westbengal_howrah,"IN West Bengal Howrah",22.553500,88.306400,"India"
iq_baghdad_baghdad,"IQ Baghdad",33.291903,44.428831,"Iraq"
ir_zanjan_iasbs,"IR Zanjan IASBS",36.705167,48.507111,"Iran, Islamic Republic of"
is_myrdalshreppur_efri_vik_iceland,"IS Myrdalshreppur Efri Vik Iceland",63.774942,-17.965089,"Iceland"
is_suourland_eyjafjallajoekull,"IS Suourland Eyjafjallajoekull",63.633000,-19.633000,"Iceland"
is_suurland_gunnarsholt,"IS Suurland Gunnarsholt",63.833333,-20.216667,"Iceland"
it_abruzzo_amplero,"IT Abruzzo Amplero",41.866667,13.633333,"Italy"
it_abruzzo_amplero_2,"IT Abruzzo Amplero",41.904099,13.605157,"Italy"
it_abruzzo_collelongo,"IT Abruzzo Collelongo",41.849361,13.588139,"Italy"
it_abruzzo_laquila_coppito,"IT Abruzzo LAQUILA Coppito",42.368386,13.350636,"Italy"
it_abruzzo_laquila_gransasso,"IT Abruzzo LAQUILA Gransasso",42.447908,13.550414,"Italy"
it_aosta_valley_nivolet,"IT Aosta Valley Nivolet",45.490910,7.139430,"Italy"
it_apulia_bari_university,"IT Apulia Bari University",41.108327,16.883983,"Italy"
it_apulia_bari_waterfront,"IT Apulia Bari Waterfront",41.116800,16.893400,"Italy"
it_apulia_lecce_university,"IT Apulia Lecce University",40.335111,18.111389,"Italy"
it_apulia_rutigliano,"IT Apulia Rutigliano",40.993753,17.032740,"Italy"
it_calabria_bonis,"IT Calabria Bonis",39.477778,16.534722,"Italy"
it_calabria_lamezia_terme,"IT Calabria Lamezia Terme",38.876400,16.232100,"Italy"
it_calabria_masseria_nola,"IT Calabria Masseria Nola",39.714720,16.278060,"Italy"
it_campania_borgo_cioffi,"IT Campania Borgo Cioffi",40.616667,14.933333,"Italy"
it_campania_borgo_cioffi_north,"IT Campania Borgo Cioffi North",40.523750,14.957444,"Italy"
it_campania_giugliano,"IT Campania Giugliano",40.947117,14.117089,"Italy"
it_campania_monte_pino,"IT Campania Monte Pino",41.107300,14.741600,"Italy"
it_campania_napoli_cesma,"IT Campania Napoli CeSMA",40.836842,14.306567,"Italy"
it_campania_parco_urbano_di_capodimonte,"IT Campania Parco Urbano di Capodimonte",40.874100,14.250400,"Italy"
it_campania_piana_del_sele,"IT Campania Piana del Sele",40.520900,14.954500,"Italy"
it_campania_san_marcellino,"IT Campania San Marcellino",40.847256,14.257817,"Italy"
it_emilia_romagna_cantaglia,"IT Emilia Romagna Cantaglia",44.710460,11.534820,"Italy"
it_emilia_romagna_modena,"IT Emilia Romagna Modena",44.631667,10.945278,"Italy"
it_emilia_romagna_nonantola,"IT Emilia Romagna Nonantola",44.689817,11.088683,"Italy"
it_emilia_romagna_nonantola_2,"IT Emilia Romagna Nonantola",44.690190,11.091090,"Italy"
it_emilia_romagna_san_pietro_capofiume,"IT Emilia Romagna San Pietro Capofiume",44.653869,11.622770,"Italy"
it_friuli_veneziagiulia_beano1,"IT Friuli Venezia Giulia Beano1",46.003610,13.025560,"Italy"
it_friuli_veneziagiulia_beano2,"IT Friuli_VeneziaGiulia Beano2",46.004310,13.027760,"Italy"
it_lazio_castel_dasso_1,"IT Lazio Castel dAsso 1",42.380411,12.026561,"Italy"
it_lazio_castelporziano,"IT Lazio Castelporziano",41.705249,12.376106,"Italy"
it_lazio_castelporziano_2,"IT Lazio Castelporziano 2",41.704266,12.357293,"Italy"
it_lazio_collegio_romano,"IT Lazio Collegio Romano",41.897740,12.480200,"Italy"
it_lazio_roccarespampani3,"IT Lazio Roccarespampani 3",42.375390,11.915420,"Italy"
it_lazio_roccarespampani4,"IT Lazio Roccarespampani 4",42.373330,11.919220,"Italy"
it_lazio_roccarespampani_2,"IT Lazio Roccarespampani 2",42.390260,11.920930,"Italy"
it_lazio_rome_esa_esrin,"IT Lazio Rome ESA ESRIN",41.826667,12.671833,"Italy"
it_lazio_rome_tor_vergata,"IT Lazio Rome Tor Vergata",41.839550,12.647333,"Italy"
it_lazio_tolfa_dry,"IT Lazio Tolfa dry",42.189674,11.921554,"Italy"
it_lombardia_bosco_fontana,"IT Lombardia Bosco Fontana",45.202225,10.742714,"Italy"
it_lombardia_castellaro,"IT Lombardia Castellaro",45.070047,8.717522,"Italy"
it_lombardia_ispra,"IT Lombardia Ispra",45.803050,8.626700,"Italy"
it_lombardia_ispra_abc_is,"IT Lombardia Ispra ABC-IS",45.812643,8.633579,"Italy"
it_lombardia_parco_ticino,"IT Lombardia Parco Ticino",45.200833,9.073611,"Italy"
it_lombardia_parco_ticino_1,"IT Lombardia Parco Ticino",45.200872,9.061039,"Italy"
it_lombardia_po_valley_pavia,"IT Lombardia Po Valley Pavia",45.062847,8.668540,"Italy"
it_lombardia_sirmione_museo_gc,"IT Lombardia Sirmione Museo GC",45.500278,10.605833,"Italy"
it_lombardia_vigevano,"IT Lombardia Vigevano",45.295910,8.875540,"Italy"
it_marche_osservatorio_valerio,"IT Marche Osservatorio Valerio",43.911111,12.904167,"Italy"
it_piedmont_bussoleno_bosco,"IT Piedmont Bussoleno Bosco",45.118350,7.161980,"Italy"
it_piemonte_la_mandria,"IT Piemonte La Mandria",45.152580,7.582590,"Italy"
it_potenza_imaa,"IT Potenza IMAA",40.601250,15.723700,"Italy"
it_pug_tremiti,"IT PUG Tremiti",42.117965,15.490115,"Italy"
it_rome_la_sapienza,"IT Rome La Sapienza",41.901690,12.515770,"Italy"
it_sardegna_carloforte,"IT Sardegna Carloforte",39.139908,8.309875,"Italy"
it_sardegna_terranova,"IT Sardegna Terranova",40.703778,9.398167,"Italy"
it_sardinia_arca_di_noe_le_prigionette,"IT Sardinia Arca di Noe Le Prigionette",40.606176,8.151169,"Italy"
it_sassari_sassari,"IT Sassari Sassari",40.716957,8.575956,"Italy"
it_sic_lampedusa,"IT SIC Lampedusa",35.516667,12.631667,"Italy"
it_sicily_castelvetrano,"IT Sicily Castelvetrano",37.644160,12.846380,"Italy"
it_sicily_etna,"IT Sicily ETNA",37.613500,15.019433,"Italy"
it_sicily_lampedusa,"IT Sicily Lampedusa",35.525200,12.536500,"Italy"
it_sicily_messina,"IT Sicily Messina",38.197500,15.566833,"Italy"
it_southtyrol_muntatschinig_meadow,"IT South Tyrol Muntatschinig Meadow",46.687021,10.579757,"Italy"
it_southtyrol_muntatschinig_pasture,"IT South Tyrol Muntatschinig Pasture",46.684285,10.585237,"Italy"
it_toscana_grosseto,"IT Toscana Grosseto",43.716667,10.283333,"Italy"
it_toscana_island_of_pianosa,"IT Toscana Island of Pianosa",42.583869,10.078400,"Italy"
it_toscana_lecceto,"IT Toscana Lecceto",43.304611,11.270639,"Italy"
it_toscana_lecceto_2,"IT Toscana Lecceto",43.303590,11.269750,"Italy"
it_toscana_san_rossore,"IT Toscana San Rossore",43.729722,10.286944,"Italy"
it_toscana_san_rossore_2,"IT Toscana San Rossore",43.727861,10.284444,"Italy"
it_toscana_ximeniano,"IT Toscana Ximeniano",43.774440,11.255236,"Italy"
it_trentino_altoadige_lavarone,"IT Trentino Alto Adige Lavarone",45.956200,11.281320,"Italy"
it_trentino_altoadige_lavarone2,"IT Trentino Alto Adige Lavarone 2",45.954200,11.285300,"Italy"
it_trentino_altoadige_malga_arpaco,"IT Trentino Alto Adige Malga Arpaco",46.116667,11.700278,"Italy"
it_trentino_altoadige_malga_arpaco_2,"IT Trentino Alto Adige Malga Arpaco",46.114020,11.703340,"Italy"
it_trentino_altoadige_monte_bondone,"IT Trentino Alto Adige Monte Bondone",46.014678,11.045831,"Italy"
it_trentino_altoadige_passeir_valley,"IT Trentino Alto Adige Passeir Valley",46.841667,11.263889,"Italy"
it_trentino_altoadige_renon,"IT Trentino Alto Adige Renon",46.586860,11.433690,"Italy"
it_trentino_altoadige_valle_delladige,"IT Trentino Alto Adige Valle dell Adige",46.196780,11.113540,"Italy"
it_trentino_monte_bondone_peatland,"IT Trentino Monte Bondone Peatland",46.017700,11.040900,"Italy"
it_turin_bussoleno,"IT Turin Bussoleno",45.119313,7.160490,"Italy"
it_tuscany_san_rossore_2,"IT Tuscany San Rossore 2",43.732026,10.290954,"Italy"
it_umbria_casalina_di_deruta,"IT Umbria Casalina di Deruta",42.950231,12.381827,"Italy"
it_umbria_marsciano,"IT Umbria Marsciano",42.927225,12.365100,"Italy"
it_valledaosta_torgnon,"IT Valled Aosta Torgnon",45.844440,7.578055,"Italy"
it_valledaosta_torgnon_ld,"IT Valled Aosta Torgnon LD",45.823760,7.560890,"Italy"
it_ven_isdgm_cnr,"IT Ven ISDGM CNR",45.436981,12.331982,"Italy"
it_ven_venise,"IT Venise VEN",45.313900,12.508300,"Italy"
it_veneto_lison,"IT Veneto Lison",45.740481,12.750297,"Italy"
it_veneto_negrisia,"IT Veneto Negrisia",45.747564,12.446731,"Italy"
it_veneto_nicelli_airport,"IT Veneto Nicelli Airport",45.426444,12.382417,"Italy"
it_viterbo_castel_d_asso2,"IT Viterbo Castel d Asso2",42.377219,12.026039,"Italy"
it_viterbo_castel_d_asso3,"IT Viterbo Castel d Asso3",42.380000,12.022200,"Italy"
it_viterbo_roccarespampani_1,"IT Viterbo Roccarespampani 1",42.408120,11.930010,"Italy"
jo_hadarom_kitcube_masada,"IL KITcube Masada",31.322547,35.372297,"Israel"
jp_aichi_seto_mixed_forest_site,"JP Aichi Seto Mixed Forest Site",35.261663,137.078600,"Japan"
jp_aomori_fujisaki_farm_apple_orchard,"JP Aomori Fujisaki Farm Apple Orchard",40.654722,140.485278,"Japan"
jp_aomori_shirakami_beech_forest_site,"JP Aomori Shirakami Beech Forest Site",40.565556,140.127778,"Japan"
jp_chiba_chiba_university,"JP Chiba University",35.624700,140.103800,"Japan"
jp_fukushima_dragon_kohriyama,"JP Fukushima DRAGON Kohriyama",37.361042,140.382900,"Japan"
jp_gifu_takayama,"JP Gifu Takayama",36.133333,137.416667,"Japan"
jp_gifu_takayama_deciduous_broadleaf_forest_site,"JP Gifu Takayama deciduous broadleaf forest site",36.146198,137.423004,"Japan"
jp_gifu_takayama_evergreen_coniferous_forest_site,"JP Gifu Takayama evergreen coniferous forest site",36.139722,137.370833,"Japan"
jp_hokkaido_akanuma_kushiro_mire,"JP Hokkaido Akanuma Kushiro Mire",43.116667,144.366667,"Japan"
jp_hokkaido_bibai_bog,"JP Hokkaido Bibai bog",43.323006,141.810697,"Japan"
jp_hokkaido_cc_lag_site_teshio_experimental_forest,"JP Hokkaido CC LaG site Teshio Experimental Forest",45.056339,142.106201,"Japan"
jp_hokkaido_hokkaido_university,"JP Hokkaido University",43.075500,141.340700,"Japan"
jp_hokkaido_hokkaido_university_shizunai_livestock_farm,"JP Hokkaido University Shizunai Livestock Farm",42.407267,142.475696,"Japan"
jp_hokkaido_moshiri_birch_forest_site,"JP Hokkaido Moshiri Birch Forest Site",44.386900,142.318600,"Japan"
jp_hokkaido_moshiri_birch_forest_site_2,"JP Hokkaido Moshiri Birch Forest Site",44.384200,142.318583,"Japan"
jp_hokkaido_moshiri_mixed_forest_site,"JP Hokkaido Moshiri Mixed Forest Site",44.321900,142.261400,"Japan"
jp_hokkaido_nakashibetu_station_nlbc,"JP Hokkaido Nakashibetu Station NLBC",43.546060,144.966545,"Japan"
jp_hokkaido_national_livestock_breeding_center_niikappu,"JP Hokkaido National Livestock Breeding Center Niikappu",42.400000,142.466667,"Japan"
jp_hokkaido_onnenai_kushiro_mire,"JP Hokkaido Onnenai Kushiro Mire",43.116667,144.333333,"Japan"
jp_hokkaido_sapporo_forest_meteorology_research_site,"JP Hokkaido Sapporo Forest Meteorology Research Site",42.983333,141.383333,"Japan"
jp_hokkaido_shizunai,"JP Hokkaido Shizunai",42.433333,142.483333,"Japan"
jp_hokkaido_tomakomai,"JP Hokkaido Tomakomai",42.733333,141.516667,"Japan"
jp_hokkaido_tomakomai_experimental_forest,"JP Hokkaido Tomakomai Experimental Forest",42.694076,141.583128,"Japan"
jp_hokkaido_tomakomai_flux_research_site,"JP Hokkaido Tomakomai Flux Research Site",42.739498,141.514893,"Japan"
jp_hokkaido_tomakomai_national_forest,"JP Hokkaido Tomakomai National Forest",42.736972,141.518639,"Japan"
jp_hyogo_ako,"JP Hyogo Ako",34.733333,134.366667,"Japan"
jp_hyogo_akou_green_belt,"JP Hyogo Akou green belt",34.786316,134.370861,"Japan"
jp_ibaraki_dragon_tsukuba,"JP Ibaraki DRAGON Tsukuba",36.050556,140.120278,"Japan"
jp_ibaraki_mase_paddy,"JP Ibaraki Mase Paddy",36.053970,140.026916,"Japan"
jp_ibaraki_national_institute_of_fruit_tree_science,"JP Ibaraki National Institute of Fruit Tree Science",36.051320,140.099316,"Japan"
jp_ibaraki_simotsuma_japanese_pear_orchard,"JP Ibaraki Simotsuma Japanese pear orchard",36.211361,139.947389,"Japan"
jp_ibaraki_tateno,"JP Ibaraki Tateno",36.058100,140.125800,"Japan"
jp_ibaraki_terc_university_of_tsukuba,"JP Ibaraki TERC University of Tsukuba",36.116667,140.133333,"Japan"
jp_ibaraki_university_of_tsukuba,"JP Ibaraki Terrestrial Enviroment Research Center University of Tsukuba",36.112362,140.095811,"Japan"
jp_ishikawa_noto,"JP Ishikawa Noto",37.334444,137.136944,"Japan"
jp_iwate_appi_forest_meteorology_research_site,"JP Iwate Appi forest meteorology research site",40.022356,140.939255,"Japan"
jp_kasuga_fukuoka,"JP Kasuga Fukuoka",33.524000,130.475000,"Japan"
jp_kumamoto_asosan,"JP Kumamoto Asosan",32.884000,131.104000,"Japan"
jp_kumamoto_kahoku_experimental_watershed,"JP Kumamoto Kahoku experimental watershed",33.133695,130.711870,"Japan"
jp_kyoto_yamashiro,"JP Kyoto Yamashiro",34.783333,135.833333,"Japan"
jp_kyoto_yamashiro_forest_meteorology_research_site,"JP Kyoto Yamashiro forest meteorology research site",34.794778,135.846167,"Japan"
jp_miyazaki_koboyashi,"JP Miyazaki Koboyashi",31.966667,130.933333,"Japan"
jp_nagano_karuizawa,"JP Nagano Karuizawa",36.400000,138.583333,"Japan"
jp_nagano_nishikoma_site,"JP Nagano Nishikoma Site",35.808042,137.833886,"Japan"
jp_nagano_suwa_lake_site,"JP Nagano Suwa Lake Site",36.046500,138.108386,"Japan"
jp_nara_dragon_mt_ikoma,"JP Nara DRAGON Mt Ikoma",34.679800,135.678667,"Japan"
jp_nasu,"JP Nasu",36.916667,140.966667,"Japan"
jp_niigata_acap,"JP Niigata ACAP",37.846000,138.942000,"Japan"
jp_niigata_naeba,"JP Niigata Naeba",36.866667,138.766667,"Japan"
jp_niigata_naeba_beech_forest_research_site,"JP Niigata Naeba Beech Forest Research Site",36.891703,138.766823,"Japan"
jp_okayama_hachihama_observatory_ohtaki,"JP Okayama Hachihama Observatory Ohtaki",34.533333,133.933333,"Japan"
jp_okinawa_yona_field_tower_site,"JP Okinawa Yona Field Tower Site",26.750972,128.212639,"Japan"
jp_osaka_b11_building_metropolitan_university,"JP Osaka B11 Building Metropolitan University",34.547178,135.502861,"Japan"
jp_osaka_dragon_osaka_center,"JP Osaka DRAGON Osaka Center",34.668477,135.530894,"Japan"
jp_osaka_dragon_osaka_south,"JP Osaka DRAGON Osaka South",34.543500,135.503867,"Japan"
jp_osaka_farm_field_metropolitan_university,"JP Osaka Farm Field Metropolitan University",34.542453,135.508228,"Japan"
jp_osaka_ooizumi_urban_park,"JP Osaka Ooizumi Urban Park",34.563469,135.533483,"Japan"
jp_osaka_osaka,"JP Osaka Higashiosakashi Nishi Fire Dept",34.650933,135.590633,"Japan"
jp_osaka_sakai_city_office,"JP Osaka Sakai City Office",34.566667,135.466667,"Japan"
jp_saga_ishigakijima,"JP Saga Ishigakijima",24.336700,124.163300,"Japan"
jp_saga_okinawa,"JP Saga Okinawa",26.356667,127.768333,"Japan"
jp_saitama_kawagoe_forest_met_research_site,"JP Saitama Kawagoe Forest Met Research Site",35.866667,139.483333,"Japan"
jp_shiga_kiryu_experiment_watershed,"JP Shiga Kiryu Experiment Watershed",34.963611,135.994444,"Japan"
jp_tochigi_nasu_research_station,"JP Tochigi National Institute of Livestock and Grassland Science Nasu Research Station",36.925743,139.967766,"Japan"
jp_tokyo_kugahara,"JP Tokyo Kugahara",35.582819,139.693524,"Japan"
jp_wakayama_shionomisaki_laboratory,"JP Wakayama Shionomisaki Laboratory",33.442778,135.759444,"Japan"
jp_wakayama_shirahama,"JP Wakayama Shirahama",33.693450,135.356917,"Japan"
jp_yamanashi_fuji_hokuroku_flux_observation_site,"JP Yamanashi Fuji Hokuroku Flux Observation Site",35.443528,138.764722,"Japan"
jp_yamanashi_fujiyoshida_forest_met_research_site,"JP Yamanashi Fujiyoshida Forest Met  Research Site",35.451367,138.765267,"Japan"
ke_kyumvi_main_tower_savannah_scrub_grazed,"KE Kyumvi Main tower Kenya savannah scrub grazed by managed cattle",-1.603500,37.095000,"Kenya"
ke_laikipia_mpala,"KE Laikipia Mpala",0.291800,36.880900,"Kenya"
ke_mbita_icipe,"KE Mbita ICIPE",-0.431520,34.206060,"Kenya"
ke_nairobi_nairobi,"KE Nairobi KWS Park",-1.338882,36.865300,"Kenya"
kg_ysyk_kol_iaoca_krsu,"KG Ysyk Kol IAOCA KRSU",42.463830,78.528950,"Kyrgyzstan"
kg_ysyk_kol_issyk_kul,"KG Ysyk Kol Issyk Kul",42.622778,76.983056,"Kyrgyzstan"
kr_chungcheongnam_do_anmyon,"KR Chungcheongnam do Anmyon",36.538537,126.330194,"Korea (South)"
kr_daegu_dragon_kyungil_univ,"KR Daegu DRAGON Kyungil Univ",36.071667,128.823610,"Korea (South)"
kr_daegu_korus_kyungpook_nu,"KR Daegu KORUS Kyungpook NU",35.889989,128.606416,"Korea (South)"
kr_daejeon_dragon_kongju_nu,"KR Daejeon DRAGON Kongju NU",36.470623,127.140023,"Korea (South)"
kr_dragon_nier,"KR DRAGON NIER",37.568930,126.639710,"Korea (South)"
kr_gangwon_cheorwon_rice_paddy,"KR Gangwon Cheorwon Rice paddy",38.201389,127.250556,"Korea (South)"
kr_gangwon_do_cheongmicheon_farmland_site,"KR Gangwon do Cheongmicheon Farmland Site",37.159790,127.652729,"Korea (South)"
kr_gangwon_do_korus_daegwallyeong,"KR Gangwon do KORUS Daegwallyeong",37.687120,128.758720,"Korea (South)"
kr_gangwon_gangneung_wnu,"KR Gangwon Gangneung WNU",37.771000,128.867000,"Korea (South)"
kr_gwangju_dragon_mokpo_nu,"KR Gwangju DRAGON Mokpo NU",34.913420,126.437360,"Korea (South)"
kr_gwangju_gwangju_k_jist,"KR Gwangju Gwangju KJIST",35.228278,126.843139,"Korea (South)"
kr_gwangju_haenam_hfk,"KR Gwangju Haenam HFK",34.549999,126.570000,"Korea (South)"
kr_gwangju_haenam_paddy-field,"KR Gwangju Haenam Paddy-field",34.477223,126.481112,"Korea (South)"
kr_gwangju_koflux_haenam_site,"KR Gwangju KoFlux Haenam site",34.553600,126.564300,"Korea (South)"
kr_gwangju_yeomsan_myeon,"KR Gwangju Yeomsan Myeon",35.236660,126.303012,"Korea (South)"
kr_gyeonggi_do_baengnyeong,"KR Gyeonggi do Baengnyeong",37.966111,124.630278,"Korea (South)"
kr_gyeonggi_do_dragon_bokjeong,"KR Gyeonggi do DRAGON Bokjeong",37.456990,127.131230,"Korea (South)"
kr_gyeonggi_do_dragon_hankuk_ufs,"KR Gyeonggi do DRAGON Hankuk UFS",37.338830,127.265820,"Korea (South)"
kr_gyeonggi_do_dragon_konkuk_univ,"KR Gyeonggi do DRAGON Konkuk Univ",37.542050,127.079774,"Korea (South)"
kr_gyeonggi_do_dragon_korea_univ,"KR Gyeonggi do DRAGON Korea Univ",37.585140,127.025070,"Korea (South)"
kr_gyeonggi_do_dragon_sanggye,"KR Gyeonggi do DRAGON Sanggye",37.658850,127.068450,"Korea (South)"
kr_gyeonggi_do_dragon_sinjeong,"KR Gyeonggi do DRAGON Sinjeong",37.523410,126.858630,"Korea (South)"
kr_gyeonggi_do_dragon_soha,"KR Gyeonggi do DRAGON Soha",37.452130,126.884700,"Korea (South)"
kr_gyeonggi_do_gwangneung_coniferous_forest,"KR Gyeonggi do Gwangneung Coniferous Forest",37.748600,127.163002,"Korea (South)"
kr_gyeonggi_do_gwangreung_deciduous_forest,"KR Gyeonggi_do Gwangreung Deciduous forest",37.748889,127.149167,"Korea (South)"
kr_gyeonggi_do_koflux_seolmacheon_site,"KR Gyeonggi do KoFlux Seolmacheon site",37.938850,126.954700,"Korea (South)"
kr_gyeonggi_do_korus_baeksa,"KR Gyeonggi do KORUS Baeksa",37.411560,127.569100,"Korea (South)"
kr_gyeonggi_do_korus_olympic_park,"KR Gyeonggi do KORUS Olympic Park",37.521650,127.124180,"Korea (South)"
kr_gyeonggi_do_korus_songchon,"KR Gyeonggi do KORUS Songchon",37.338490,127.489460,"Korea (South)"
kr_gyeonggi_do_korus_taehwa,"KR Gyeonggi do KORUS Taehwa",37.312480,127.310330,"Korea (South)"
kr_gyeonggi_do_seoul_snu,"KR Gyeonggi do Seoul SNU",37.458056,126.951111,"Korea (South)"
kr_gyeonggi_do_suwon_suburban_rice_paddy,"KR Gyeonggi do Suwon Suburban Rice Paddy",37.269467,126.940217,"Korea (South)"
kr_gyeonggi_do_taehwa_broadleaf_forest,"KR Gyeonggi_do Taehwa Broadleaf forest",37.304167,127.313889,"Korea (South)"
kr_gyeonggi_do_taehwa_conifer_forest,"KR Gyeonggi_do Taehwa Conifer forest",37.304722,127.317222,"Korea (South)"
kr_gyeonggi_do_yonsei_university,"KR Gyeonggi do Yonsei University",37.564370,126.934867,"Korea (South)"
kr_gyeongsangnam_do_chinhae,"KR Gyeongsangnam do Chinhae",35.155800,128.652433,"Korea (South)"
kr_incheon_hari_rural_rice_paddy,"KR Incheon Hari Rural Rice Paddy",37.066667,126.033333,"Korea (South)"
kr_incheon_socheongcho,"KR Incheon Socheongcho",37.423133,124.738039,"Korea (South)"
kr_inchon_gwangyoksi_dragon_guwol,"KR Inchon gwangyoksi DRAGON Guwol",37.449670,126.724030,"Korea (South)"
kr_jeju_gosan_snu,"KR Jeju Gosan SNU",33.292222,126.161667,"Korea (South)"
kr_jeju_ieodo_station,"KR Jeju Ieodo Station",32.122953,125.182447,"Korea (South)"
kr_jeollabuk_do_dragon_kunsan_nu,"KR Jeollabuk do DRAGON Kunsan NU",35.941072,126.683008,"Korea (South)"
kr_jeollabuk_do_gimje_rice_paddy,"KR Jeollabuk do Gimje Rice paddy",35.745328,126.852522,"Korea (South)"
kr_jeollabuk_do_korus_iksan,"KR Jeollabuk do KORUS Iksan",35.962200,127.005200,"Korea (South)"
kr_jeonnam_gageocho_station,"KR Jeonnam Gageocho Station",33.941991,124.592912,"Korea (South)"
kr_kiost_ansan,"KR KIOST Ansan",37.285983,126.831667,"Korea (South)"
kr_ulsan_korus_unist_ulsan,"KR Ulsan KORUS UNIST Ulsan",35.581900,129.189700,"Korea (South)"
kw_aljahrah_shagaya_park,"KW Al Jahrah Shagaya Park",29.209072,47.060528,"Kuwait"
kw_alkuwayt_kuwait_inst_sci_res,"KW Al Kuwayt Kuwait Inst Sci Res",29.337914,47.906453,"Kuwait"
kw_khaldiya_kuwait_university,"KW Khaldiya Kuwait University",29.325000,47.971000,"Kuwait"
kz_aqmola_shortandy_al1,"KZ Aqmola Shortandy AL1",51.513611,71.462778,"Kazakhstan"
kz_aqmola_shortandy_al2,"KZ Aqmola Shortandy AL2",51.483611,71.104722,"Kazakhstan"
kz_aqmola_shortandy_al3,"KZ Aqmola Shortandy AL3",51.587222,71.000833,"Kazakhstan"
kz_aqmola_shortandy_al4,"KZ Aqmola Shortandy AL4",51.681472,71.143694,"Kazakhstan"
kz_aqmola_shortandy_cw1,"KZ Aqmola Shortandy CW1",51.527500,71.482778,"Kazakhstan"
kz_aqmola_shortandy_cw4,"KZ Aqmola Shortandy CW4",51.682778,71.147722,"Kazakhstan"
kz_aqmola_shortandy_vl2,"KZ Aqmola Shortandy VL2",51.477500,71.103611,"Kazakhstan"
kz_aqmola_shortandy_vl3,"KZ Aqmola Shortandy VL3",51.623333,70.969444,"Kazakhstan"
kz_aqmola_shortandy_vl4,"KZ Aqmola Shortandy VL4",51.675556,71.154444,"Kazakhstan"
kz_aqmola_shortandy_vlbr,"KZ Aqmola Shortandy VLBR",51.575833,71.268056,"Kazakhstan"
kz_aqmola_shortandy_wht,"KZ Aqmola Shortandy Wht",51.573611,71.259722,"Kazakhstan"
la_louangnamtha_luang_namtha,"LA Louang Namtha",20.931100,101.416200,"Lao PDR"
la_nongkhai_nong_khai,"LA Nong Thai-Lao Friendship Bridge",17.877200,102.716710,"Lao PDR"
la_vientiane_prefecture,"LA Vientiane",17.992280,102.569642,"Lao PDR"
lk_warukandeniya_sinharaja,"LK Warukandeniya Sinharaja",6.402300,80.402300,"Sri Lanka"
ma_gift,"MA GIFT",35.911800,-5.745800,"Morocco"
ma_marrakech_tensift_alhaouz_oukaimeden,"MA Marrakech Tensift Al Haouz Oukaimeden",31.214444,-7.881111,"Morocco"
ma_marrakech_tensift_alhaouz_ras_el_ain,"MA Marrakech Tensift Al Haouz Ras El Ain",31.670278,-7.599444,"Morocco"
ma_marrakech_tensift_alhaouz_saada,"MA Marrakech Tensift Al Haouz Saada",31.625830,-8.155830,"Morocco"
ma_souss_massa_draa_ouarzazate,"MA Souss Massa Draa Ouarzazate",30.928367,-6.912867,"Morocco"
md_chisinau_moldova,"MD Chisinau Moldova",47.000100,28.815600,"Moldova"
ml_gao_agoufou_s,"ML Gao Agoufou S",15.499617,1.390083,"Mali"
ml_gao_bamba,"ML Gao Bamba",17.066667,-1.183333,"Mali"
ml_gao_bamba2,"ML Gao Bamba",17.098380,1.401166,"Mali"
ml_mopti_agoufou,"ML Mopti Agoufou",15.345400,-1.479117,"Mali"
ml_mopti_agoufou_f,"ML Mopti Agoufou F",15.253767,-1.565250,"Mali"
ml_mopti_agoufou_g,"ML Mopti Agoufou G",15.339900,-1.479733,"Mali"
ml_mopti_agoufou_g_2,"ML Mopti Agoufou G",15.343220,-1.480670,"Mali"
ml_mopti_homburi,"ML Mopti Homburi",15.329167,-1.546667,"Mali"
ml_mopti_kelma,"ML Mopti Kelma",15.223700,-1.566200,"Mali"
ml_segou_ier_cinzana,"ML Segou IER Cinzana",13.278433,-5.933867,"Mali"
mm_chiangmai_doi_ang_khang,"MM Chiang Mai Doi Ang Khang",19.932450,99.045400,"Myanmar"
mm_mandalay_mtu,"MM Mandalay MTU",21.972900,96.186140,"Myanmar"
mm_yangon_myanmar,"MM Yangon Myanmar",16.864967,96.153800,"Myanmar"
mn_dundgovi_mandalgobi,"MN Dundgovi Mandalgobi",45.995000,106.327000,"Mongolia"
mn_hentiy_kherlenbayan_ulaan,"MN Hentiy Kherlenbayan Ulaan",47.213972,108.737333,"Mongolia"
mn_omnogovi_dalanzadgad,"MN Omnogovi Dalanzadgad",43.577222,104.419167,"Mongolia"
mn_ovorhangay_arvaikheer,"MN Ovorhangay Arvaikheer",46.233817,102.825117,"Mongolia"
mn_tov_southern_khentei_taiga,"MN Tov Southern Khentei Taiga",48.351861,108.654333,"Mongolia"
mn_uvs_ulaangom,"MN Uvs Ulaangom",49.973035,92.078183,"Mongolia"
mp_northernmarianaislands_pagan,"MP Northern Mariana Islands Pagan",18.123483,145.762317,"Northern Mariana Islands"
mp_northernmarianaislands_tinian,"MP Northern Mariana Islands Tinian",15.073969,145.627597,"Northern Mariana Islands"
mt_gozo_gozo,"MT Gozo",36.034139,14.264694,"Malta"
mv_addu_maldives_gan,"MV Addu Maldives Gan",-0.690500,73.150000,"Maldives"
mv_dhekunuprovince_arm_gan_island,"MV Dhekunu Province ARM Gan Island",-0.690597,73.149896,"Maldives"
mv_male_male,"MV Male",4.191667,73.529167,"Maldives"
mv_mathi-uthuruprovince_mco_hanimaadhoo,"MV Mathi Uthuru Province MCO Hanimaadhoo",6.776350,73.183183,"Maldives"
mx_arizona_az_ajo_29_s,"US Arizona Ajo 29 S",31.949700,-112.801300,"United States of America"
mx_bajacalifornia_el_mogor,"MX Baja California El Mogor",32.029800,-116.604500,"Mexico"
mx_bajacaliforniasur_la_paz,"MX Baja California Sur La Paz",24.129250,-110.438028,"Mexico"
mx_chiapas_tuxtla_gutierrez,"MX Chiapas Tuxtla Gutierrez",16.754722,-93.152222,"Mexico"
mx_chihuahua_instituto_de_ingenieria_y_tecnologia_uacj,"MX Chihuahua Instituto de Ingenieria y Tecnologia UACJ",31.743400,-106.431600,"Mexico"
mx_coahuila_san_isidro,"MX Coahuila San Isidro",25.300400,-101.392400,"Mexico"
mx_distritofederal_escandon,"MX Distrito Federal Escandon",19.404456,-99.176373,"Mexico"
mx_distritofederal_iztapalapa,"MX Distrito Federal Iztapalapa",19.358882,-99.073666,"Mexico"
mx_distritofederal_mexico_city,"MX Distrito Federal Mexico City",19.333611,-99.181667,"Mexico"
mx_distritofederal_ors_unam_isnp,"MX Distrito Federal ORS UNAM ISNP",19.399467,-99.203683,"Mexico"
mx_distritofederal_t0_max_mex,"MX Distrito Federal T0 MAX MEX",19.489944,-99.148500,"Mexico"
mx_hidalgo_atopixco,"MX Hidalgo Atopixco",20.613779,-98.594097,"Mexico"
mx_hidalgo_t2_max_mex,"MX Hidalgo T2 MAX MEX",20.010183,-98.908800,"Mexico"
mx_jalisco_chamela_biological_station,"MX Jalisco Chamela Biological Station",19.509281,-105.040175,"Mexico"
mx_mexico_t1_max_mex,"MX Mexico T1 MAX MEX",19.703067,-98.981950,"Mexico"
mx_puebla_orizaba,"MX Puebla Orizaba",19.106111,-97.324167,"Mexico"
mx_queretaro_bernal,"MX Queretaro Bernal",20.716800,-99.941300,"Mexico"
mx_quintanaroo_puerto_morelos_mangrove,"MX Quintana Roo Puerto Morelos mangrove",20.846200,-86.899200,"Mexico"
mx_sonora_alamos_mid_secondary_tropical_dry_forest,"MX Sonora Alamos Mid Secondary tropical dry forest",27.004600,-108.779500,"Mexico"
mx_sonora_alamos_old_growth_tropical_dry_forest,"MX Sonora Alamos Old Growth tropical dry forest",26.996829,-108.789193,"Mexico"
mx_sonora_coastal_lagoon_gulf_of_california,"MX Sonora Coastal Lagoon Gulf of California",27.954138,-110.972557,"Mexico"
mx_sonora_encino_north_american_monsoon_oak_savanna,"MX Sonora Encino North American monsoon oak savanna",29.959100,-110.461500,"Mexico"
mx_sonora_ors_hermosillo,"MX Sonora ORS Hermosillo",29.027500,-111.145556,"Mexico"
mx_sonora_rayon_monsoon_subtropical_shrubland,"MX Sonora Rayon monsoon subtropical shrubland",29.744600,-110.530600,"Mexico"
mx_sonora_sonoran_short_arid_mangrove,"MX Sonora Sonoran short arid Mangrove",29.340800,-112.279600,"Mexico"
mx_sonora_tesopaco_secondary_tropical_dry_forest,"MX Sonora Tesopaco secondary tropical dry forest",27.844600,-109.297700,"Mexico"
mx_tabasco_tenosique,"MX Tabasco Tenosique",17.487500,-91.425556,"Mexico"
mx_tamaulipas_tampico_max_mex,"MX Tamaulipas Tampico MAX MEX",22.278283,-97.864167,"Mexico"
mx_veracruzdeignaciodelallave_tamihua,"MX VeracruzdeIgnaciodela Llave Tamihua",21.260717,-97.442450,"Mexico"
mx_veracruzdeignaciodelallave_veracruz_max_mex,"MX Veracruz de Ignacio de la Llave Veracruz MAX MEX",19.144444,-96.186667,"Mexico"
mx_yucatan_kaxil_kiuic,"MX Yucatan Kaxil Kiuic",20.092850,-89.563760,"Mexico"
my_negerisembilan_pasoh_forest_reserve,"MY Negeri Sembilan Pasoh Forest Reserve",2.973000,102.306200,"Malaysia"
my_pulaupinang_dragon_bukit_tengah,"MY PulauPinang DRAGON Bukit Tengah",5.342450,100.432603,"Malaysia"
my_pulaupinang_dragon_georgetown,"MY PulauPinang DRAGON Georgetown",5.413869,100.329481,"Malaysia"
my_pulaupinang_dragon_jalan_chainf,"MY PulauPinang DRAGON Jalan Chain",5.400542,100.381339,"Malaysia"
my_pulaupinang_dragon_kampungbharu,"MY PulauPinang DRAGON Kampung Bharu",5.341589,100.463158,"Malaysia"
my_pulaupinang_dragon_payaterubong,"MY Pulau Pinang DRAGON Paya Terubong",5.375964,100.275847,"Malaysia"
my_pulaupinang_dragon_permatang_dl,"MY Pulau Pinang DRAGON Permatang DL",5.277875,100.271253,"Malaysia"
my_pulaupinang_dragon_pondok_upeh,"MY Pulau Pinang DRAGON Pondok Upeh",5.333250,100.226610,"Malaysia"
my_pulaupinang_dragon_uitm,"MY Pulau Pinang DRAGON UiTM",5.383130,100.416310,"Malaysia"
my_pulaupinang_dragon_usm_research,"MY Pulau Pinang DRAGON USM Research",5.467486,100.200075,"Malaysia"
my_pulaupinang_usm_penang,"MY Pulau Pinang USM Penang",5.358380,100.302310,"Malaysia"
my_sabah_danum_valley,"MY Sabah Danum Valley",5.101900,117.688000,"Malaysia"
my_sarawak_cermat_ceria_betong,"MY Sarawak Cermat Ceria Betong",1.400444,111.398333,"Malaysia"
my_sarawak_kuching,"MY Sarawak Kuching",1.490556,110.348611,"Malaysia"
my_sarawak_lambir_hills_national_park,"MY Sarawak Lambir Hills National Park",4.200000,114.033333,"Malaysia"
my_sarawak_lambir_hills_national_park_2,"MY Sarawak Lambir Hills National Park",4.201000,114.039083,"Malaysia"
my_sarawak_maludam,"MY Sarawak Maludam",1.482989,111.153374,"Malaysia"
my_sarawak_maludam_national_park,"MY Sarawak Maludam National Park",1.453575,111.149492,"Malaysia"
my_sarawak_sibu_station,"MY Sarawak Sibu Station",2.186667,111.843250,"Malaysia"
mz_sofala_gorongosa,"MZ Sofala Gorongosa",-18.978417,34.350750,"Mozambique"
na_erongoregion_gobabeb,"NA Erongo Region Gobabeb",-23.561619,15.041058,"Namibia"
na_erongoregion_henties_bay,"NA Erongo Region Henties Bay",-22.095060,14.259740,"Namibia"
na_erongoregion_swakopmund,"NA Erongo Region Swakopmund",-22.657850,14.564033,"Namibia"
na_huanuco_panguana,"Panguana",-9.623700,-74.931500,"Peru"
na_khomasregion_windhoek_nust,"NA Khomas Region Windhoek NUST",-22.565910,17.073040,"Namibia"
na_kuneneregion_windpoort,"NA Kunene Region Windpoort",-19.365556,15.482778,"Namibia"
na_losrios_alerce_costero_forest,"Alerce Costero Forest",-40.172600,-73.443900,"Chile"
na_omahekeregion_bonanza,"NA Omaheke Region Bonanza",-21.825556,19.590278,"Namibia"
na_oshanaregion_etosha_pan,"NA Oshana Region Etosha Pan",-19.175017,15.914383,"Namibia"
na_otjozondjuparegion_tsumkwe,"NA Otjozondjupa Region Tsumkwe",-19.616667,20.442500,"Namibia"
na_para_cax_flona_caxiuana_micromet_tower,"CAX, FLONA Caxiuanã micromet tower",-1.718500,-51.458300,"Brazil"
na_para_cupari_tapajos_national_forest,"Cupari Tapajos National Forest",-3.787400,-55.366400,"Brazil"
na_para_mojupa_commercial_oil_palm_plantation,"Moju/PA, Commercial oil palm plantation",-1.978700,-48.614700,"Brazil"
na_rondonia_ji-paranaro-reserva_biologica_do_jaru,"Ji-Paraná/RO - Reserva Biológica do Jaru (RBJ)",-10.186600,-61.872500,"Brazil"
na_sanmartin_el_breo,"El Breo",-7.102600,-77.161900,"Peru"
na_saopaulo_instituto_arruda_botelho-wooded_cerrado_and_mixed_agriculture,"Instituto Arruda Botelho - Wooded Cerrado and Mixed Agriculture",-22.171000,-47.871000,"Brazil"
ne_diffa_dmn_maine_soroa,"NE Diffa DMN Maine Soroa",13.216717,12.023067,"Niger"
ne_niamey_banizoumbou,"NE Niamey Banizoumbou",13.541167,2.664750,"Niger"
ne_niamey_niamey,"NE Niamey",13.481389,2.172222,"Niger"
ne_niamey_wankama_d,"NE Niamey Wankama D",13.646317,2.643017,"Niger"
ne_niamey_wankama_fallow,"NE Niamey Wankama Fallow",13.647581,2.633689,"Niger"
ne_niamey_wankama_millet,"NE Niamey Wankama Millet",13.644017,2.629848,"Niger"
ne_zinder_zinder_airport,"NE Zinder Airport",13.776683,8.990233,"Niger"
ne_zinder_zinder_dmn,"NE Zinder DMN",13.775417,8.984100,"Niger"
ng_kwara_ilorin,"NG Kwara Ilorin",8.533300,4.566700,"Nigeria"
ng_taraba_ngel_nyaki,"NG Taraba Ngel Nyaki",7.068000,11.056600,"Nigeria"
ni_san_cristobal,"NI San Cristobal",12.702000,-87.004000,"Nicaragua"
nl_amsterdam_vijzelstraat,"NL Amsterdam Vijzelstraat",52.366500,4.892900,"Netherlands"
nl_flevoland_lelystad,"NL Flevoland Lelystad",52.524238,5.551616,"Netherlands"
nl_flevoland_zeewolde,"NL Flevoland Zeewolde",52.334803,5.372589,"Netherlands"
nl_gelderland_dijkgraaf,"NL Gelderland Dijkgraaf",51.992061,5.645944,"Netherlands"
nl_gelderland_loobos,"NL Gelderland Loobos",52.166447,5.743550,"Netherlands"
nl_gelderland_speulderbos,"NL Gelderland Speulderbos",52.252250,5.690500,"Netherlands"
nl_gelderland_wageningen,"NL Gelderland Wageningen",51.981000,5.619000,"Netherlands"
nl_groningen_lutjewad,"NL Groningen Lutjewad",53.383333,6.366667,"Netherlands"
nl_groningen_lutjewad_2,"NL Groningen Lutjewad",53.398922,6.356028,"Netherlands"
nl_limburg_peel,"NL Limburg Peel",51.365247,5.975975,"Netherlands"
nl_lopik_cabauw,"NL Lopik Cabauw",51.971000,4.927000,"Netherlands"
nl_noord-brabant_molenweg,"NL Noord-Brabant Molenweg",51.650000,4.639083,"Netherlands"
nl_noord-brabant_vredepeel,"NL Noord Brabant Vredepeel",51.531667,5.844111,"Netherlands"
nl_noord_holland_horstermeer,"NL Noord Holland Horstermeer",52.240350,5.071301,"Netherlands"
nl_noord_holland_oostwaard,"NL Noord Holland Oostwaard",52.831594,4.909122,"Netherlands"
nl_overijssel_hengelo,"NL Overijssel Hengelo",52.337265,6.749481,"Netherlands"
nl_overijssel_twente_building_de_horst_mixed_forest,"NL Overijssel Twente Building de Horst mixed forest",52.237472,6.860780,"Netherlands"
nl_overijssel_twente_de_spiegel_mixed_vegetation,"NL Overijssel Twente de Spiegel mixed vegetation",52.240077,6.850103,"Netherlands"
nl_rotterdam_reeuwijk_1,"NL Reeuwijk 1",51.900002,4.500000,"Netherlands"
nl_utrecht_haastrecht,"NL Utrecht Haastrecht",51.953610,4.902861,"Netherlands"
nl_zeeland_goes,"NL Zeeland Goes",51.481420,3.780602,"Netherlands"
nl_zuid_holland_haastrecht,"NL Zuid_Holland Haastrecht",52.003611,4.805556,"Netherlands"
nl_zuid_holland_the_hague,"NL Zuid Holland The Hague",52.110480,4.326820,"Netherlands"
no_akershus_kjeller,"NO Akershus Kjeller",59.974997,11.053208,"Norway"
no_aust_agder_birkenes,"NO Aust Agder Birkenes",58.388450,8.252310,"Norway"
no_hordaland_finse,"NO Hordaland Finse",60.594000,7.527000,"Norway"
no_nordland_andenes,"NO Nordland Andenes",69.278333,16.008611,"Norway"
no_nordland_andoya,"NO Nordland Andoya",69.142780,16.022220,"Norway"
no_romerike_hurdal,"NO Romerike Hurdal",60.372386,11.078142,"Norway"
no_romerike_hurdal_2,"NO Romerike Hurdal",60.371633,11.079490,"Norway"
no_svalbard_dasan_station_site,"NO Svalbard Dasan Station Site",78.916667,11.083333,"Norway"
no_svalbard_longyearbyen,"NO Svalbard Longyearbyen",78.222830,15.649000,"Norway"
np_bhaktapur_dhulikel,"NP Bhaktapur Dhulikel",27.620467,85.554050,"Nepal"
np_bhaktapur_kathmandu_univ,"NP Bhaktapur Kathmandu University",27.601067,85.538333,"Nepal"
np_bhaktapur_langtang,"NP Bhaktapur Langtang",28.012233,85.492517,"Nepal"
np_dhangadhi,"NP Dhangadhi",28.707850,80.568117,"Nepal"
np_dhawalagiri_jomsom,"NP Dhawalagiri Jomsom",28.778214,83.714200,"Nepal"
np_gorkha_pokhara,"NP Gorkha Pokhara",28.150817,83.971467,"Nepal"
np_lumbini_lumbini,"NP Lumbini Lumbini",27.490000,83.280000,"Nepal"
np_narayani_hetauda,"NP Narayani Hetauda",27.428350,85.030933,"Nepal"
np_sagarmatha_evk2_cnr,"NP Sagarmatha EVK2 CNR",27.958611,86.813333,"Nepal"
nr_nauru,"NR Nauru",-0.520600,166.915900,"Nauru"
nz_auckland_kopuatai,"NZ Auckland Kopuatai",-37.387861,175.553889,"New Zealand"
nz_canterbury_irrigated_lucerne,"NZ Canterbury Irrigated lucerne",-43.649350,172.349519,"New Zealand"
nz_canterbury_non-irrigated_lucerne,"NZ Canterbury Non-irrigated lucerne",-43.644050,172.354650,"New Zealand"
nz_canterbury_oxford,"NZ Canterbury Oxford",-43.261944,172.210833,"New Zealand"
nz_hororata_beacon_farm,"NZ Hororata Beacon Farm",-43.593000,171.928000,"New Zealand"
nz_otago_dunedin,"NZ Otago Dunedin",-45.863937,170.513644,"New Zealand"
om_muscat_muscat,"OM Muscat Muscat",23.606383,58.435667,"Oman"
pa_arraijan_cocoli,"PA Arraijan Cocoli",8.987700,-79.616600,"Panama"
pa_colon_sherman,"PA Colon Sherman",9.281500,-79.974000,"Panama"
pa_panama_smithsonian_tropical_research_institute_ava_tower_45_m,"PA Panama Smithsonian Tropical Research Institute Ava Tower 45 m",9.156300,-79.848350,"Panama"
pa_panamaoeste_barro_colorado_island,"PA Panama Oeste Barro Colorado Island",9.154000,-79.848000,"Panama"
pa_provinciadepanama_sardinilla_pasture,"PA Provincia de Panama Sardinilla Pasture",9.313780,-79.631430,"Panama"
pa_provinciadepanama_sardinilla_plantation,"PA Provincia de Panama Sardinilla Plantation",9.318140,-79.634600,"Panama"
pe_junin_huancayo_igp,"PE Junin Huancayo IGP",-12.040200,-75.320900,"Peru"
pe_loreto_quistococha_forest_reserve,"PE Loreto Quistococha Forest Reserve",-3.834436,-73.318970,"Peru"
pe_madrededios_los_amigos,"Los Amigos",-12.559800,-70.101800,"Peru"
pe_madrededios_tambopata,"PE Madre de Dios Tambopata",-12.831400,-69.283600,"Peru"
pg_madang_wanang,"PG Madang Wanang",-5.250000,145.267000,"Papua New Guinea"
ph_isabela_palanan,"PH Isabela Palanan",17.040200,122.388000,"Philippines"
ph_laguna_irri_flux_research_site,"PH Laguna IRRI Flux Research Site",14.141190,121.265260,"Philippines"
ph_laguna_philippines_rice_institute_not_flooded,"PH Laguna Philippines Rice Institute",14.145030,121.260940,"Philippines"
ph_metropolitanmanila_manila_observatory,"PH Metropolitan Manila Manila Observatory",14.635250,121.077840,"Philippines"
ph_palawan_el_nido_airport,"PH Palawan El Nido Airport",11.205100,119.413500,"Philippines"
ph_southcotabato_nd_marbel_univ,"PH South Cotabato ND Marbel Univ",6.496011,124.842531,"Philippines"
pk_balochistan_sonmiani,"PK Balochistan Sonmiani",25.688867,66.594812,"Pakistan"
pk_punjab_lahore,"PK Punjab Lahore",31.542494,74.324753,"Pakistan"
pk_sindh_karachi,"PK Sindh Karachi",24.945740,67.135940,"Pakistan"
pl_greaterpoland_brody,"PL Greater Poland Brody",52.434181,16.299523,"Poland"
pl_greaterpoland_polwet,"PL Greater Poland Polwet",52.757300,16.305700,"Poland"
pl_greaterpoland_rzecin,"PL Greater Poland Rzecin",52.762199,16.309401,"Poland"
pl_krakow_agh,"PL Krakow AGH",50.067021,19.912977,"Poland"
pl_kuyavian_pomeranian_bydgoszcz,"PL Kuyavian-Pomeranian Bydgoszcz",53.000350,17.957270,"Poland"
pl_kuyavian_pomeranian_bydgoszcz_2,"PL Kuyavian-Pomeranian Bydgoszcz",53.000000,17.960000,"Poland"
pl_kuyavian_pomeranian_wieclawice,"PL Kuyavian-Pomeranian Wieclawice",52.840000,18.310000,"Poland"
pl_lodz_lodz1,"PL Lodz Lodz1",51.762514,19.445326,"Poland"
pl_lodz_lodz3,"PL Lodz Lodz3",51.800143,19.411944,"Poland"
pl_lubelskie_lublin,"PL lubelskie Lublin",51.233333,22.566667,"Poland"
pl_lubuskie_jemiolow,"PL lubuskie Jemiolow",52.347500,15.278056,"Poland"
pl_mazowieckie_belsk,"PL Mazowieckie Belsk",51.836667,20.791667,"Poland"
pl_odzkie_lipowa,"PL Odzkie Lipowa",51.762500,19.445400,"Poland"
pl_odzkie_narutowicza,"PL Odzkie Narutowicza",51.773200,19.480900,"Poland"
pl_odzkie_spaa,"PL Odzkie Spaa",51.533333,20.133333,"Poland"
pl_podlachian_bebrzanski_national_park,"PL Podlachian Bebrzanski National Park",53.666667,23.083333,"Poland"
pl_podlachian_biaystok_krynica,"PL Podlachian Biaystok Krynica",53.231389,23.026389,"Poland"
pl_podlachian_kopytkowo,"PL Podlachian Kopytkowo",53.591884,22.892348,"Poland"
pl_pomeranian_sopot,"PL Pomeranian Sopot",54.450833,18.564722,"Poland"
pl_rawa_annoslaw,"PL Rawa Annoslaw",51.750319,20.417620,"Poland"
pl_silesian_brenna,"PL Silesian Brenna",49.666667,18.933333,"Poland"
pl_silesian_katowice_kosztowy,"PL Silesian Katowice Kosztowy",50.188889,19.118333,"Poland"
pl_silesian_raciborz,"PL Silesian Raciborz",50.083100,18.191700,"Poland"
pl_subcarpathian_strzyzow,"PL Subcarpathian Strzyzow",49.878600,21.861300,"Poland"
pl_warszawa_warsaw_uw,"PL Warszawa Warsaw UW",52.210930,20.982640,"Poland"
pl_zachodniopomorskie_pia_rusionow,"PL Zachodniopomorskie Pia Rusionow",53.170833,16.263611,"Poland"
pl_zachodniopomorskie_tuczno,"PL Zachodniopomorskie Tuczno",53.183333,16.083333,"Poland"
pl_zachodniopomorskie_tuczno_2,"PL Zachodniopomorskie Tuczno",53.192950,16.097483,"Poland"
pt_acores_arm_graciosa,"PT Acores ARM Graciosa",39.091090,-28.029170,"Portugal"
pt_acores_graciosa,"PT Acores Graciosa",39.091111,-28.029722,"Portugal"
pt_alentejo_espirra,"PT Alentejo Espirra",38.639400,-8.601800,"Portugal"
pt_alentejo_eucalyptus,"PT Alentejo Eucalyptus",38.466600,-8.016660,"Portugal"
pt_alentejo_evora,"PT Alentejo Evora",38.567833,-7.911500,"Portugal"
pt_alentejo_mitra_ii,"PT Alentejo Mitra II",38.540556,-8.000278,"Portugal"
pt_alentejo_mitra_iv_tojal,"PT Alentejo Mitra IV Tojal",38.476501,-8.024550,"Portugal"
pt_algarve_sagres,"PT Algarve Sagres",37.047706,-8.873517,"Portugal"
pt_colares_cabo_da_roca,"PT Colares Cabo da Roca",38.781720,-9.497670,"Portugal"
pt_lisboa_cabo_raso,"PT Lisboa Cabo Raso",38.709370,-9.485870,"Portugal"
pt_portalegre_montado,"PT Portalegre montado",39.133300,-8.316660,"Portugal"
pt_ribatejo_coruche,"PT Ribatejo Coruche",39.138414,-8.332689,"Portugal"
pw_melekeok_ngardok,"PW Melekeok Ngardok",7.510084,134.606889,"Palau"
ro_black_sea,"RO Black Sea",44.166667,28.683333,"Romania"
ro_bucharest_baneasa,"RO Bucharest Baneasa",44.511333,26.077806,"Romania"
ro_bucharest_bucharest_inoe,"RO Bucharest Inoe",44.348056,26.029722,"Romania"
ro_cluj_cluj_ubb,"RO Cluj UBB",46.768333,23.551389,"Romania"
ro_eforie_dobrogea_observatory,"RO Eforie Dobrogea Observatory",44.075000,28.632220,"Romania"
ro_gloria,"RO Gloria",44.599970,29.359670,"Romania"
ro_iasi_iasi_loasl,"RO Iasi LOASL",47.193056,27.555556,"Romania"
ro_magurele_inoe,"RO Magurele Inoe",44.348290,26.030700,"Romania"
ro_timis_timisoara,"RO Timis Timisoara",45.746260,21.227360,"Romania"
ru_altay_barnaul,"RU Altay Barnaul",53.341667,83.772222,"Russian Federation"
ru_buryat_irkutsk,"RU Buryat Irkutsk",51.799797,103.086644,"Russian Federation"
ru_chukchiautonomousokrug_chukotka,"RU Chukchi Autonomou sOkrug Chukotka",65.594833,171.052500,"Russian Federation"
ru_chukot_cherskii,"RU Chukot Cherskii",68.614722,161.339167,"Russian Federation"
ru_chukot_cherskii_2,"RU Chukot Cherskii",68.613040,161.341430,"Russian Federation"
ru_chukot_chersky_reference,"RU Chukot Chersky reference",68.616890,161.350890,"Russian Federation"
ru_chukot_chokurdakh,"RU Chukot Chokurdakh",70.829139,147.494278,"Russian Federation"
ru_chukot_samoylov_island_lena_delta,"RU Chukot Samoylov Island Lena Delta",72.373333,126.497778,"Russian Federation"
ru_chukot_samoylov_island_lena_delta_2,"RU Chukot Samoylov Island Lena Delta",72.373800,126.495800,"Russian Federation"
ru_chukot_tiksi,"RU Chukot Tiksi",71.586917,128.921417,"Russian Federation"
ru_chukot_yakutsk,"RU Chukot Yakutsk",61.661667,129.366667,"Russian Federation"
ru_chukot_yakutsk_pine,"RU Chukot Yakutsk Pine",62.241389,129.650556,"Russian Federation"
ru_chukot_yakutsk_spasskaya_pad_larch,"RU Chukot Yakutsk Spasskaya Pad larch",62.255000,129.168000,"Russian Federation"
ru_kamchatka_karymsky,"RU Kamchatka Karymsky",54.049000,159.443000,"Russia"
ru_kamchatka_klyuchevskoy,"RU Kamchatka Klyuchevskoy",56.056000,160.642000,"Russia"
ru_khakass_ubs_nur_hakasija_grassland,"RU Khakass Ubs Nur Hakasija grassland",54.725170,90.002150,"Russian Federation"
ru_khakass_ubs_nur_hakasija_recovering_grassland,"RU Khakass Ubs Nur Hakasija recovering grassland",54.773010,89.956640,"Russian Federation"
ru_khakass_ubs_nur_hakasija_site_3,"RU Khakass Ubs Nur Hakasija Site 3",54.704550,89.077850,"Russian Federation"
ru_khakass_ubs_nur_hakasija_site_3_2,"RU Khakass Ubs Nur Hakasija Site 3",54.704550,90.077850,"Russian Federation"
ru_komi_seidavorkuta,"RU Komi Seida Vorkuta",67.054700,62.940500,"Russian Federation"
ru_komi_seidavorkuta_2,"RU Komi Seida Vorkuta",67.054680,62.940468,"Russian Federation"
ru_komi_ust_pojeg,"RU Komi Ust Pojeg",61.934128,50.226903,"Russian Federation"
ru_krasnoyarsk_krasnoyarsk,"RU Krasnoyarsk Krasnoyarsk",55.983333,92.766667,"Russian Federation"
ru_krasnoyarsk_tura,"RU Krasnoyarsk Tura",64.208888,100.463555,"Russian Federation"
ru_krasnoyarsk_zotino,"RU Krasnoyarsk Zotino",60.800797,89.350806,"Russian Federation"
ru_krasnoyarsk_zotino_bog,"RU Krasnoyarsk Zotino Bog",60.750000,89.383301,"Russian Federation"
ru_leningrad_st_petersberg,"RU Leningrad St Petersberg",59.800000,30.800000,"Russian Federation"
ru_moscow_msu_mo,"RU Moscow MSU MO",55.706950,37.522020,"Russian Federation"
ru_moscow_zvenigorod,"RU Moscow Zvenigorod",55.695000,36.775000,"Russian Federation"
ru_primorye_ussuriysk,"RU Primorye Ussuriysk",43.700400,132.163500,"Russian Federation"
ru_saintpetersburg_peterhof,"RU Saint Petersburg Peterhof",59.881000,29.826000,"Russian Federation"
ru_sakha_kurungnakh,"RU Sakha Kurungnakh",72.298333,126.173333,"Russian Federation"
ru_sakha_tiksi,"RU Sakha Tiksi",71.594267,128.887817,"Russian Federation"
ru_sverdlovsk_yekaterinburg,"RU Sverdlovsk Yekaterinburg",57.038330,59.545000,"Russian Federation"
ru_tomskaya_tomsk,"RU Tomskaya Tomsk",56.475350,85.048060,"Russian Federation"
ru_tver_fedorovskoje_drained_spruce_stand,"RU Tver Fedorovskoje drained spruce stand",56.461528,32.922083,"Russian Federation"
ru_tver_fyodorovskoye_dry_spruce_stand,"RU Tver Fyodorovskoye dry spruce stand",56.447603,32.901878,"Russian Federation"
ru_tveroblast_fyodorovskoye_bog,"RU Tver Oblast Fyodorovskoye bog",56.472700,33.041300,"Russian Federation"
ru_tveroblast_fyodorovskoye_clearcut,"RU Tver Oblast Fyodorovskoye Clear-cut",56.443500,33.047800,"Russian Federation"
ru_tyumen_kaskara_crop,"RU Tyumen Kaskara Crop",57.251460,65.969310,"Russian Federation"
ru_tyumen_kaskara_grass,"RU Tyumen Kaskara Grass",57.252800,65.993210,"Russian Federation"
ru_tyumen_uteshevo,"RU Tyumen Uteshevo",57.154907,65.343002,"Russian Federation"
ru_yamalo-nenets_nadym,"RU Yamalo-Nenets Nadym",65.185000,72.525000,"Russian Federation"
sa_arriyad_solar_village,"SA Ar Riyad Solar Village",24.906933,46.397286,"Saudi Arabia"
sa_makkah_kaust_campus,"SA Makkah KAUST Campus",22.304833,39.102833,"Saudi Arabia"
sd_northkurdufan_demokeya,"SD North Kurdufan Demokeya",13.282900,30.478300,"Sudan"
sd_northkurdufan_el_demokeya_north_kordofan_el_obeid,"SD North Kurdufan El Demokeya El Obeid",13.474722,30.806389,"Sudan"
se_dalarna_andya,"SE Dalarna Andya",60.278333,16.011667,"Sweden"
se_dalarna_siljanfors_sweden,"SE Dalarna Siljanfors Sweden",60.883100,14.376090,"Sweden"
se_gavleborg_boreal_forest_jadraas,"SE Gavleborg Boreal Forest Jadraas",60.814755,16.506309,"Sweden"
se_gavleborgslan_knottasen,"SE Gavleborgslan Knottasen",60.998250,16.217278,"Sweden"
se_gotland_oestergarnsholm,"SE Gotland Oestergarnsholm",57.430100,18.984150,"Sweden"
se_halland_toennersjoeheden,"SE Halland Toennersjoeheden",56.714230,13.121370,"Sweden"
se_kronoberg_asa,"SE Kronoberg Asa",57.164458,14.782468,"Sweden"
se_kronobergslan_asa,"SE Kronobergslan Asa",57.172261,14.800100,"Sweden"
se_kronobergslan_asa_nybygget,"SE Kronobergslan Asa Nybygget",57.149500,14.738663,"Sweden"
se_lapland_stordalen_grassland,"SE Lapland Stordalen grassland",68.354200,19.050300,"Sweden"
se_lapland_stordalen_grassland_2,"SE Lapland Stordalen grassland",68.354149,19.050333,"Sweden"
se_lapland_stordalen_palsa_bog,"SE Lapland Stordalen Palsa Bog (ICOS)",68.356003,19.045210,"Sweden"
se_norrbottenslan_abisko,"SE Norrbottenslan Abisko",68.362389,18.794750,"Sweden"
se_skane_fajemyr_necc,"SE Skane Fajemyr NECC",56.265469,13.553514,"Sweden"
se_skane_hyltemossa,"SE Skane Hyltemossa",56.097630,13.418970,"Sweden"
se_stockholmslan_gustav_dalen_tower,"SE Stockholmslan Gustav Dalen Tower",58.594170,17.466830,"Sweden"
se_uppsalalan_norunda,"SE Uppsalalan Norunda",60.083333,17.483333,"Sweden"
se_uppsalalan_norunda_2,"SE Uppsalalan Norunda",60.086497,17.479503,"Sweden"
se_uppsalalan_skyttorp,"SE Uppsalalan Skyttorp",60.116667,17.833333,"Sweden"
se_uppsalalan_skyttorp_1,"SE Uppsalalan Skyttorp 1",60.125000,17.918056,"Sweden"
se_uppsalalan_skyttorp_2,"SE Uppsalalan Skyttorp 2",60.129667,17.840056,"Sweden"
se_vasterbotten_rosinedal_3,"SE Vasterbotten Rosinedal 3",64.172500,19.738000,"Sweden"
se_vasterbotten_vindeln,"SE Vasterbotten Vindeln",64.243700,19.767300,"Sweden"
se_vasterbottenslan_degero_stormyr_necc,"SE Vasterbottenslan Degero Stormyr NECC",64.182029,19.556539,"Sweden"
se_vasterbottenslan_flakaliden,"SE Vasterbottenslan Flakaliden",64.112778,19.456944,"Sweden"
se_vasterbottenslan_svartberget,"SE Vasterbottenslan Svartberget",64.256110,19.774500,"Sweden"
se_vastragotalandslan_lanna,"SE VastraGotalandslan Lanna",58.340630,13.101768,"Sweden"
se_vastragotalandslan_palgrunden,"SE Vastra Gotalandslan Palgrunden",58.755333,13.151500,"Sweden"
se_westgothland_erssjon,"SE West Gothland Erssjon",58.371120,12.161250,"Sweden"
se_westgothland_foljesjon,"SE West Gothland Foljesjon",58.375770,12.153990,"Sweden"
se_westgothland_mycklemossen,"SE West Gothland Mycklemossen",58.365000,12.169370,"Sweden"
se_westgothland_skogaryd,"SE West Gothland Skogaryd",58.363853,12.149730,"Sweden"
sg_bukit_timah,"SG Singapore Bukit Timah",1.350000,103.780000,"Singapore"
sg_choachukang_pioneer_jc,"SG Choa Chu Kang Pioneer JC",1.384330,103.754530,"Singapore"
sg_dragon_mewr_central,"SG  DRAGON MEWR Central",1.310906,103.836486,"Singapore"
sg_dragon_pandan_resrv,"SG DRAGON Pandan Resrv",1.318808,103.742362,"Singapore"
sg_dragon_st_johns_is,"SG DRAGON St Johns Is",1.217950,103.849615,"Singapore"
sg_dragon_temasek_poly,"SG DRAGON Temasek Poly",1.344821,103.930621,"Singapore"
sg_dragon_yishun_ite,"SG DRAGON Yishun ITE",1.434638,103.844876,"Singapore"
sg_singapore,"SG National University of Singapore",1.297667,103.780383,"Singapore"
sg_telok_kurau,"SG Telok Kurau",1.314374,103.911056,"Singapore"
sh_ascensionisland_arm_ascension_is,"SH ARM Ascension Is",-7.966964,-14.349806,"Saint Helena"
sh_ascensionisland_ascension_island,"SH Ascension Island",-7.976389,-14.414722,"Saint Helena"
sh_sainthelena_st_helena,"SH Saint Helena",-15.942400,-5.667300,"Saint Helena"
si_styria_moskanjci_tillage_experiment_ptuj,"SI Styria Moskanjci Tillage Experiment Ptuj",46.409800,15.996300,"Slovenia"
si_styria_secondary_woodland_abandoned_grassland,"SI Styria Secondary woodland abandoned grassland",45.543200,13.916200,"Slovenia"
si_styria_submediterranean_karst_grassland_low_intensity_grazing,"SI Styria Submediterranean Karst grassland low intensity grazing",45.550800,13.918700,"Slovenia"
sj_spitsbergen_adventdalen,"SJ Spitsbergen Adventdalen",78.186000,15.923000,"Svalbard and Jan Mayen Islands"
sj_svalbard_bayelva_spitsbergen,"SJ Svalbard Bayelva Spitsbergen",78.921631,11.831085,"Svalbard and Jan Mayen Islands"
sj_svalbard_dasan_station_site,"SJ Svalbard Dasan Station site",78.916667,11.933333,"Svalbard and Jan Mayen Islands"
sj_svalbard_hornsund,"SJ Svalbard Hornsund",77.001111,15.560278,"Svalbard and Jan Mayen Islands"
sj_svalbard_ny_alesund,"SJ Svalbard Ny Alesund",78.929433,11.860850,"Svalbard and Jan Mayen Islands"
sk_banskobystrickykraj_polana,"SK Banskobystrickykraj Polana",48.633333,19.533333,"Slovakia"
sk_kaprowry_wierch,"SK Kaprowry Wierch",49.233333,19.933333,"Slovakia"
sk_lesserpoland_kasprowy_wierch,"SK Lesser Poland Kasprowy Wierch",49.231667,19.981389,"Slovakia"
sk_poprad_ganovce,"SK Poprad Ganovce",49.035000,20.322000,"Slovakia"
sk_presovskykraj_tatra,"SK Presovskykraj Tatra",49.120778,20.163500,"Slovakia"
sk_presovskykraj_tatra_jamy,"SK Presovskykraj Tatra Jamy",49.158333,20.261111,"Slovakia"
sk_presovskykraj_tatra_vysne_hagy,"SK Presovskykraj Tatra Vysne Hagy",49.126389,20.107778,"Slovakia"
sk_trnavskykraj_topolniky,"SK Trnavskykraj Topolniky",47.966667,17.866667,"Slovakia"
sk_zilinskykraj_bily_kriz_grassland,"SK Zilinskykraj Bily Kriz grassland",49.494430,18.542850,"Slovakia"
sn_diourbel_bambey_isra,"SN Diourbel Bambey ISRA",14.708567,-16.476733,"Senegal"
sn_fatick_niakhar,"SN Fatick Niakhar",14.495810,-16.453570,"Senegal"
sn_louga_dahra,"SN Louga Dahra",15.402780,-15.432220,"Senegal"
sn_thies_dakar,"SN Thies Dakar",14.394167,-16.958611,"Senegal"
st_saotome_airport,"ST Sao Tome Airport",0.374690,6.710990,"Sao Tome and Principe"
tf_amsterdam_island,"TF Amsterdam Island",-37.798333,77.537778,"French Southern Territories"
tf_crozet_island,"TF Crozet Island",-46.434806,51.850361,"French Southern Territories"
tf_larochegodon_amsterdam_island,"TF La Roche Godon Amsterdam Island",-37.799540,77.571950,"French Southern Territories"
th_bangkokmetropolis_chulalongkorn,"TH Bangkok Metropolis Chulalongkorn",13.736111,100.530278,"Thailand"
th_chachoengsao_rubber_flux_chachoengsao,"TH Chachoengsao Rubber Flux Chachoengsao",13.665556,101.441389,"Thailand"
th_chiangmai_chiang_mai,"TH Chiang Mai",18.813333,98.986944,"Thailand"
th_chiangmai_chiang_mai_met_sta,"TH Chiang Mai Met Sta",18.771125,98.972467,"Thailand"
th_chiangmai_doi_inthanon,"TH Chiang Mai Doi Inthanon",18.583300,98.433300,"Thailand"
th_chiangmai_fang,"TH Chiang Mai Fang",19.913397,99.206425,"Thailand"
th_chiangmai_maeson,"TH Chiang Mai Maeson",19.830460,99.170690,"Thailand"
th_chiangmai_omkoi,"TH Chiang Mai Omkoi",17.798333,98.431667,"Thailand"
th_got_seaprism,"TH GOT Seaprism",9.286200,101.412300,"Thailand"
th_kanchanaburi_mae_klong,"TH Kanchanaburi Mae Klong",14.566667,98.833333,"Thailand"
th_lampang_mae_moh,"TH Lampang Mae Moh",18.416667,99.716667,"Thailand"
th_mukdahan_mukdahan,"TH Mukdahan",16.606667,104.676111,"Thailand"
th_nakhonnayok_mo_singto,"TH Nakhon Nayok Mo Singto",14.433300,101.350000,"Thailand"
th_nakhonpathom_silpakorn_univ,"TH Nakhon Pathom Silpakorn Univ",13.819308,100.041183,"Thailand"
th_nakhonratchasima_pimai,"TH Nakhon Ratchasima Pimai",15.181944,102.564167,"Thailand"
th_nakhonratchasima_sakaerat_nakonrachasima,"TH Nakhon Ratchasima Sakaerat Nakonrachasima",14.493333,101.921944,"Thailand"
th_nongkhai_rubber_flux_bueng_kan,"TH Nong Khai Rubber Flux Bueng Kan",18.239134,103.320122,"Thailand"
th_prachuapkhirikhan_hua_hin,"TH Prachuap Khiri Khan Hua Hin",12.634444,99.951111,"Thailand"
th_ratchaburi_dry_dipterocarp_forest_flux,"TH Ratchaburi Dry Dipterocarp Forest Flux",13.583333,99.500000,"Thailand"
th_songkhla_songkhla_met_sta,"TH Songkhla Songkhla Met Sta",7.184387,100.604583,"Thailand"
th_sukhothai_mixed_vegetation_site,"TH Sukhothai Mixed Vegetation Site",16.939861,99.429861,"Thailand"
th_trang_khao_chong,"TH Trang Khao Chong",7.543500,99.798000,"Thailand"
th_ubonratchathani_ubon_ratchathani,"TH Ubon Ratchathani",15.245518,104.871011,"Thailand"
th_uthaithani_huai_kha_khaeng,"TH Uthai Thani Huai Kha Khaeng",15.632400,99.217000,"Thailand"
tj_tadzhikistanterritories_dushanbe,"TJ Tadzhikistan Territories Dushanbe",38.553264,68.857911,"Tajikistan"
tn_kairouan_ben_salem,"TN Kairouan Ben Salem",35.550550,9.914003,"Tunisia"
tn_medenine_medenine_ira,"TN Medenine Medenine IRA",33.499633,10.642547,"Tunisia"
tn_tunis_tunis_carthage,"TN Tunis Carthage",36.838719,10.199781,"Tunisia"
tr_ankara_haymana_ankara,"TR Ankara Haymana",39.614973,32.693879,"Turkey"
tr_ankara_tuz_golu,"TR Ankara Tuz Golu",38.749444,33.336111,"Turkey"
tr_ankara_tuz_golu_3,"TR Ankara Tuz Golu 3",38.792469,33.464678,"Turkey"
tr_erdemli_ims_metu,"TR ERDEMLI IMS METU",36.565000,34.255000,"Turkey"
tw_changhwa_taichung,"TW Changhwa Taichung",24.106167,120.491330,"Taiwan, Republic of China"
tw_chiayi_alishan,"TW Chiayi Alishan",23.508440,120.813410,"Taiwan, Republic of China"
tw_chiayicity_chiayi,"TW Chiayicity Chiayi",23.495975,120.495975,"Taiwan, Republic of China"
tw_daan_taipei_cwb,"TW Daan Taipei CWB",25.014680,121.538370,"Taiwan"
tw_huisun_forest_station_twhs,"TW Huisun Forest Station TWHS",24.066667,121.116667,"Taiwan, Republic of China"
tw_ilan_chilan_twcl,"TW Ilan Chilan TWCL",24.590944,121.498972,"Taiwan, Republic of China"
tw_lien_hua_chih,"TW Lien Hua Chih",23.933333,120.883333,"Taiwan, Republic of China"
tw_lulin,"TW Lulin",23.468611,120.873611,"Taiwan, Republic of China"
tw_nantou_lienhuachih,"TW Nantou Lienhuachih",23.913600,120.879000,"Taiwan"
tw_northerndistrict_hsinchu_city,"TW Northern District Hsinchu City",24.783995,121.001122,"Taiwan"
tw_pingtung_chao_jou,"TW Pingtung Chao Jou",22.513056,120.529167,"Taiwan, Republic of China"
tw_pingtung_heng_chun,"TW Pingtung Heng Chun",22.054742,120.699500,"Taiwan, Republic of China"
tw_pingtung_nanjenshan,"TW Pingtung Nanjenshan",22.059000,120.854000,"Taiwan"
tw_puli,"TW Puli",23.968560,120.966890,"Taiwan, Republic of China"
tw_taichung_nchu_twnchu,"TW Taichung NCHU TWNCHU",24.120556,120.678056,"Taiwan, Republic of China"
tw_taichung_tari_twtari,"TW Taichung TARI TWTARI",24.031200,120.688003,"Taiwan, Republic of China"
tw_tainancity_chen_kung_univ,"TW Tainan City Chen Kung Univ",22.993420,120.204660,"Taiwan"
tw_taipei_fuguei_cape,"TW Taipei Fuguei Cape",25.297300,121.537900,"Taiwan, Republic of China"
tw_taipei_guandu_nature_park_flux_station,"TW Taipei Guandu Nature Park Flux Station",25.116667,121.466666,"Taiwan, Republic of China"
tw_taipei_wan_li,"TW Taipei Wan Li",25.294450,121.580900,"Taiwan, Republic of China"
tw_taipingisland_tai_ping,"TW Taiping Island Tai Ping",10.375500,114.362000,"Taiwan"
tw_taitung_lan_yu_island,"TW Taitung Lan Yu Island",22.037306,121.558111,"Taiwan, Republic of China"
tw_taiwan_huisun_forest_station,"TW Taiwan Huisun Forest Station",24.090974,121.029874,"Taiwan, Republic of China"
tw_taoyuan_epa_ncu,"TW Taoyuan EPA NCU",24.967533,121.185483,"Taiwan, Republic of China"
tw_taoyuan_ncu_taiwan,"TW Taoyuan NCU Taiwan",24.966667,121.191667,"Taiwan, Republic of China"
tw_the_lien_hua_chih_hydrometeorological_study_site,"TW The Lien Hua Chih Hydrometeorological Study Site",23.930967,120.894150,"Taiwan, Republic of China"
tw_wulai_fushan,"TW Wulai Fushan",24.761400,121.555000,"Taiwan"
tw_yunlin_douliu,"TW Yunlin Douliu",23.711700,120.544800,"Taiwan, Republic of China"
tw_yushan,"TW Yushan Peak Weather Observation Station",23.489303,120.951739,"Taiwan, Republic of China"
tw_zuoying_kaohsiung,"TW Zuoying  Kaohsiung",22.675620,120.292170,"Taiwan"
tz_kilimanjaro_barranco,"TZ Kilimanjaro Barranco",-3.095750,37.327850,"Tanzania, United Republic of"
tz_kilimanjaro_kilimanjaro_base,"TZ Kilimanjaro Base",-3.060950,37.348100,"Tanzania, United Republic of"
ua_crimea_sevastopol,"UA Crimea Sevastopol",44.615833,33.517333,"Ukraine"
ua_crimea_yevpatoria,"UA Crimea Yevpatoria",45.214700,33.142200,"Ukraine"
ua_donetsk_donetsk,"UA Donetsk Donetsk",48.020833,37.809444,"Ukraine"
ua_kharkiv_martova,"UA Kharkiv Martova",49.936000,36.953000,"Ukraine"
ua_kiev_kyiv,"UA Kiev Kyiv",50.363611,30.496667,"Ukraine"
ua_odessa_petrodolinskoe,"UA Odessa Petrodolinskoe",46.456140,30.336090,"Ukraine"
ug_buikwe_jinja,"UG Buikwe Jinja",0.400000,33.183333,"Uganda"
ug_kabarole_kibale,"UG Kabarole Kibale",0.560450,30.357500,"Uganda"
ug_kabarole_mubfs,"UG Kabarole MUBFS",0.566667,30.366667,"Uganda"
uk_aylesbury_waddesdon,"UK Aylesbury Waddesdon",51.830757,-0.950881,"United Kingdom"
uk_aylesbury_waddesdon_control,"UK Aylesbury Waddesdon Control",51.827150,-0.948449,"United Kingdom"
uk_ballymena_glenwherry,"UK Ballymena Glenwherry",54.854640,-5.988278,"United Kingdom"
uk_ballymoney_garry_bog,"UK Ballymoney Garry Bog",55.109940,-6.529928,"United Kingdom"
uk_berkshire_pang_lambourne,"UK Berkshire Pang Lambourne",51.433333,-1.233333,"United Kingdom"
uk_berkshire_pang_lambourne_crop,"UK Berkshire Pang Lambourne crop",51.533298,-1.483330,"United Kingdom"
uk_berkshire_pang_lambourne_forest,"UK Berkshire Pang Lambourne forest",51.450000,-1.266667,"United Kingdom"
uk_beverley_bishops_burton_bioenergy,"UK Beverley Bishop's Burton Bioenergy",53.861040,-0.490922,"United Kingdom"
uk_beverley_bishops_burton_cropland,"UK Beverley Bishop's Burton Cropland",53.860880,-0.486508,"United Kingdom"
uk_blyth_noah,"UK  Blyth NOAH",55.146399,-1.420859,"United Kingdom"
uk_cambridgeshire_monks_wood,"UK Cambridgeshire Monks Wood",52.402178,-0.235211,"United Kingdom"
uk_coleraine_glenullin,"UK Coleraine Glenullin",54.961850,-6.760763,"United Kingdom"
uk_cornwall_camborne_mo,"UK Cornwall Camborne MO",50.217820,-5.326560,"United Kingdom"
uk_cumbria_moor_house__upper_teesdale,"UK Cumbria Moor House Upper Teesdale",54.695042,-2.387849,"United Kingdom"
uk_doncaster_pollybell,"UK Doncaster Pollybell",53.430831,-0.922198,"United Kingdom"
uk_doncaster_pollybell_ggr1,"UK Doncaster Pollybell GGR1",53.457040,-0.913967,"United Kingdom"
uk_doncaster_pollybell_ggr2,"UK Doncaster Pollybell GGR2",53.459050,-0.908277,"United Kingdom"
uk_doncaster_pollybell_ggr3,"UK Doncaster Pollybell GGR3",53.456590,-0.910275,"United Kingdom"
uk_elgin_elchies,"UK Elgin Elchies",57.505657,-3.308776,"United Kingdom"
uk_ely_redmere_2,"UK Ely Redmere 2",52.442948,0.419533,"United Kingdom"
uk_england_leicester,"UK England Leicester",52.619310,-1.122310,"United Kingdom"
uk_england_oxford,"UK England Oxford",51.759000,-1.256000,"United Kingdom"
uk_england_stretham,"UK England Stretham",52.331415,0.224473,"United Kingdom"
uk_forsinard_cross_lochs,"UK Forsinard Cross Lochs",58.370674,-3.963954,"United Kingdom"
uk_forsinard_dyke,"UK Forsinard Dyke",58.427264,-3.968809,"United Kingdom"
uk_forsinard_dyke_fire,"UK Forsinard Dyke Fire",58.431141,-3.970266,"United Kingdom"
uk_halkirk_lonielist,"UK Halkirk Lonielist",58.391024,-3.765051,"United Kingdom"
uk_hampshire_alice_holt,"UK Hampshire Alice Holt",51.154572,-0.863217,"United Kingdom"
uk_hampshire_chilbolton,"UK Hampshire Chilbolton",51.144460,-1.436980,"United Kingdom"
uk_hampshire_hampshire,"UK Hampshire Hampshire",51.153533,-0.858300,"United Kingdom"
uk_hampshire_porton_down,"UK Hampshire Porton Down",51.127174,-1.639851,"United Kingdom"
uk_hertfordshire_bayfordbury,"UK Hertfordshire Bayfordbury",51.776320,-0.096240,"United Kingdom"
uk_hertfordshire_hertfordshire,"UK Hertfordshire Hertfordshire",51.766667,-0.466667,"United Kingdom"
uk_hertfordshire_hertfordshire_2,"UK Hertfordshire Hertfordshire",51.783798,-0.476080,"United Kingdom"
uk_hertfordshire_rothamsted,"UK Hertfordshire Rothamsted",51.803425,-0.372683,"United Kingdom"
uk_huntingdon_sawtry,"UK Huntingdon Sawtry",52.435915,-0.259556,"United Kingdom"
uk_huntingdon_woodwalton,"UK Huntingdon Woodwalton",52.459926,-0.184811,"United Kingdom"
uk_isleoflewis_arnol,"UK Isle of Lewis Arnol",58.322834,-6.600454,"United Kingdom"
uk_lambeth_ksk,"UK Lambeth KSK",51.511460,-0.116100,"United Kingdom"
uk_lincoln_riseholme,"UK Lincoln Riseholme",53.259810,-0.525792,"United Kingdom"
uk_norfolk_weybourne,"UK Norfolk Weybourne",52.950000,1.121940,"United Kingdom"
uk_northernireland_ballynahone_bog,"UK Northern Ireland Ballynahone Bog",54.823260,-6.669835,"United Kingdom"
uk_northernireland_portglenone_mo,"UK Northern Ireland Portglenone MO",54.865000,-6.457000,"United Kingdom"
uk_northumberland_harwood,"UK Northumberland Harwood",55.212722,-2.037528,"United Kingdom"
uk_northumberland_sourhope,"UK Northumberland Sourhope",55.489853,-2.212034,"United Kingdom"
uk_nottinghamshire_watnall_mo,"UK Nottinghamshire Watnall MO",53.005652,-1.250958,"United Kingdom"
uk_oxfordshire_wytham_woods,"UK Oxfordshire Wytham Woods",51.770278,-1.332500,"United Kingdom"
uk_peterborough_great_fen,"UK Peterborough Great Fen",52.470689,-0.192668,"United Kingdom"
uk_plymouth_rame_head,"UK Plymouth Rame Head",50.317130,-4.219810,"United Kingdom"
uk_preston_cockshutts,"UK Preston Cockshutts",53.849950,-2.773793,"United Kingdom"
uk_preston_myerscough,"UK Preston Myerscough",53.854618,-2.779574,"United Kingdom"
uk_redcarandcleveland_loftus_mo,"UK Redcarand Cleveland Loftus MO",54.562700,-0.861733,"United Kingdom"
uk_scotland_balmoral,"UK Scotland Balmoral",56.930000,-3.160000,"United Kingdom"
uk_scotland_beltie_burn,"UK Scotland Beltie Burn",57.090481,-2.597247,"United Kingdom"
uk_scotland_glasgow_mo,"UK Scotland Glasgow MO",55.906800,-4.531220,"United Kingdom"
uk_scotland_stornoway_mo,"UK Scotland Stornoway MO",58.211560,-6.182150,"United Kingdom"
uk_scotland_west_lochhills,"UK Scotland West Lochhills",57.582244,-1.982111,"United Kingdom"
uk_shetland_girlsta,"UK Shetland Girlsta",60.230296,-1.240111,"United Kingdom"
uk_somerset_tadham_moor,"UK Somerset Tadham Moor",51.207222,-2.828611,"United Kingdom"
uk_wantage_east_hendred_control,"UK Wantage East Hendred Control",51.583199,-1.322469,"United Kingdom"
uk_warwickshire_drayton,"UK Warwickshire Drayton",52.193784,-1.764430,"United Kingdom"
us_alabama_al_fairhope_3_ne,"US Alabama Fairhope 3 NE",30.548500,-87.875700,"United States of America"
us_alabama_al_gadsden_19_n,"US Alabama Gadsden 19 N",34.285100,-85.962100,"United States of America"
us_alabama_al_selma_13_wnw,"US Alabama Selma 13 WNW",32.456700,-87.242200,"United States of America"
us_alabama_black_warrior_river_near_dead_lake,"US Alabama Black Warrior River near Dead Lake",32.541530,-87.798150,"United States of America"
us_alabama_dead_lake,"US Alabama Dead Lake",32.541720,-87.803890,"United States of America"
us_alabama_lower_tombigbee_river_at_choctaw_refuge,"US Alabama Lower Tombigbee River at Choctaw Refuge",31.852100,-88.161070,"United States of America"
us_alabama_mayfield_creek,"US Alabama Mayfield Creek",32.959660,-87.408130,"United States of America"
us_alabama_neon_leno,"US Alabama NEON LENO",31.853881,-88.161219,"United States of America"
us_alabama_neon_tall,"US Alabama NEON TALL",32.950461,-87.393269,"United States of America"
us_alabama_search_centreville2,"US Alabama SEARCH Centreville2",32.902890,-87.249680,"United States of America"
us_alabama_uahuntsville,"US Alabama UAHuntsville",34.725330,-86.644730,"United States of America"
us_alaska_ak_deadhorse_3_s,"US Alaska Deadhorse 3 S",70.161800,-148.464400,"United States of America"
us_alaska_ak_denali_27_n,"US Alaska Denali 27 N",63.452000,-150.874700,"United States of America"
us_alaska_ak_fairbanks_11_ne,"US Alaska Fairbanks 11 NE",64.973500,-147.510000,"United States of America"
us_alaska_ak_glennallen_64_n,"US Alaska Glennallen 64 N",63.029500,-145.500300,"United States of America"
us_alaska_ak_gustavus_2_ne,"US Alaska Gustavus 2 NE",58.429200,-135.690000,"United States of America"
us_alaska_ak_kenai_29_ene,"US Alaska Kenai 29 ENE",60.723700,-150.448400,"United States of America"
us_alaska_ak_king_salmon_42_se,"US Alaska King Salmon 42 SE",58.207700,-155.922500,"United States of America"
us_alaska_ak_metlakatla_6_s,"US Alaska Metlakatla 6 S",55.045500,-131.587700,"United States of America"
us_alaska_ak_port_alsworth_1_sw,"US Alaska Port Alsworth 1 SW",60.195100,-154.319600,"United States of America"
us_alaska_ak_red_dog_mine_3_ssw,"US Alaska Red Dog Mine 3 SSW",68.027700,-162.921200,"United States of America"
us_alaska_ak_ruby_44_ese,"US Alaska Ruby 44 ESE",64.501500,-154.129700,"United States of America"
us_alaska_ak_sand_point_1_ene,"US Alaska Sand Point 1 ENE",55.347300,-160.466000,"United States of America"
us_alaska_ak_selawik_28_e,"US Alaska Selawik 28 E",66.562000,-159.003600,"United States of America"
us_alaska_ak_sitka_1_ne,"US Alaska Sitka 1 NE",57.057400,-135.326600,"United States of America"
us_alaska_ak_st_paul_4_ne,"US Alaska St  Paul 4 NE",57.157500,-170.211900,"United States of America"
us_alaska_ak_tok_70_se,"US Alaska Tok 70 SE",62.737000,-141.208300,"United States of America"
us_alaska_ak_utqiagvik_formerly_barrow_4_ene,"US Alaska Utqiagvik formerly Barrow 4 ENE",71.321300,-156.611000,"United States of America"
us_alaska_ak_yakutat_3_sse,"US Alaska Yakutat 3 SSE",59.508700,-139.685000,"United States of America"
us_alaska_aleknagik_1_nne,"US Alaska Aleknagik 1 NNE",59.280000,-158.610000,"United States of America"
us_alaska_anaktuvuk_river_moderate_burn,"US Alaska Anaktuvuk River Moderate Burn",68.950000,-150.210000,"United States of America"
us_alaska_anaktuvuk_river_severe_burn,"US Alaska Anaktuvuk River Severe Burn",68.990000,-150.280000,"United States of America"
us_alaska_anaktuvuk_river_unburned,"US Alaska Anaktuvuk River Unburned",68.930000,-150.270000,"United States of America"
us_alaska_arc__arctic_lter__arc1,"US Alaska ARC1 Arctic LTER",68.628330,-149.593300,"United States of America"
us_alaska_arm_amf3_oliktok,"US Alaska ARM AMF3 Oliktok",70.495328,-149.882297,"United States of America"
us_alaska_arm_nsa_barrow,"US Alaska ARM NSA Barrow",71.324200,-156.614900,"United States of America"
us_alaska_arm_oliktok_ak,"US Alaska ARM Oliktok AK",70.499500,-149.880000,"United States of America"
us_alaska_atqasuk,"US Alaska Atqasuk",70.469611,-157.408944,"United States of America"
us_alaska_barrow,"US Alaska Barrow",71.322525,-156.625881,"United States of America"
us_alaska_barrow_2,"US Alaska Barrow",71.322500,-156.609170,"United States of America"
us_alaska_barrow_3,"US Alaska Barrow",71.312200,-156.665000,"United States of America"
us_alaska_barrow_biocomplexity_experiment_south_tower,"US Alaska Barrow Biocomplexity Experiment South tower",71.280900,-156.596500,"United States of America"
us_alaska_barrow_environmental_observatory,"US Alaska Barrow Environmental Observatory",71.282410,-156.619360,"United States of America"
us_alaska_bethel_87_wnw,"US Alaska Bethel 87 WNW",61.346500,-164.076900,"United States of America"
us_alaska_black_spruce_sta,"US Alaska Black Spruce Stand",64.696350,-148.323525,"United States of America"
us_alaska_bnz__bonanza_creek_lter__bnz2,"US Alaska BNZ Bonanza Creek LTER",65.166670,-147.666600,"United States of America"
us_alaska_bonanza_creek,"US Alaska Bonanza Creek",64.742805,-148.316269,"United States of America"
us_alaska_bonanza_creek_lter_apex_site_black_spruce_flux_tower,"US Alaska Bonanza Creek LTER APEX site Black spruce flux tower",64.696300,-148.323500,"United States of America"
us_alaska_bonanza_creek_old_thermokarst_bog,"US Alaska Bonanza Creek Old Thermokarst Bog",64.693625,-148.329962,"United States of America"
us_alaska_bonanza_creek_rich_fen,"US Alaska Bonanza Creek Rich Fen",64.703733,-148.313333,"United States of America"
us_alaska_bonanza_creek_rich_fen2,"US Alaska Bonanza Creek Rich Fen 2",64.701279,-148.312127,"United States of America"
us_alaska_bonanza_creek_thermokarst_bog,"US Alaska Bonanza Creek Thermokarst Bog",64.695547,-148.320836,"United States of America"
us_alaska_caribou_creek_research_watershed,"US Alaska Caribou Creek Research Watershed",65.153060,-147.502460,"United States of America"
us_alaska_caribou_poker_creeks_research_watershed,"US Alaska Caribou Poker Creeks Research Watershed",65.154010,-147.502580,"United States of America"
us_alaska_cascaden_ridge_fire_scar,"US Alaska Cascaden Ridge Fire Scar",65.396800,-148.934800,"United States of America"
us_alaska_central_marsh,"US Alaska Central Marsh",71.320200,-156.622300,"United States of America"
us_alaska_cordova_14_ese,"US Alaska Cordova 14 ESE",60.473100,-145.354200,"United States of America"
us_alaska_dead_horse,"US Alaska Dead Horse",69.428333,-148.698333,"United States of America"
us_alaska_delta_junction,"US Alaska Delta Junction",63.881120,-145.751360,"United States of America"
us_alaska_delta_junction_1920_control,"US Alaska Delta Junction 1920 Control",63.919813,-145.378179,"United States of America"
us_alaska_delta_junction_1999_burn,"US Alaska Delta Junction 1999 Burn",63.922700,-145.744200,"United States of America"
us_alaska_eight_mile_lake_permafrost,"US Alaska Eight Mile Lake Permafrost",63.878400,-149.253600,"United States of America"
us_alaska_exit_glacier_kenai_fjords,"US Alaska Exit Glacier Kenai Fjords",60.190300,-149.621200,"United States of America"
us_alaska_focal_campaign_site_1,"US Alaska FOCAL Campaign Site 1",70.085000,-148.567100,"United States of America"
us_alaska_focal_campaign_site_2,"US Alaska FOCAL Campaign Site 2",70.022900,-148.659800,"United States of America"
us_alaska_goldstream_valley_thermokarst_lake,"US Alaska Goldstream Valley Thermokarst Lake",64.919392,-147.822194,"United States of America"
us_alaska_happy_valley,"US Alaska Happy Valley",69.142330,-148.841170,"United States of America"
us_alaska_happy_valley_wet_sedge_tundra,"US Alaska Happy Valley Wet Sedge Tundra",69.167200,-148.856900,"United States of America"
us_alaska_imnavait_creek_watershed_heath_tundra,"US Alaska Imnavait Creek Watershed Heath Tundra",68.606800,-149.295800,"United States of America"
us_alaska_imnavait_creek_watershed_tussock_tundra,"US Alaska Imnavait Creek Watershed Tussock Tundra",68.606300,-149.304100,"United States of America"
us_alaska_imnavait_creek_watershed_wet_sedge_tundra,"US Alaska Imnavait Creek Watershed Wet Sedge Tundra",68.605800,-149.311000,"United States of America"
us_alaska_ivotuk,"US Alaska Ivotuk",68.486472,-155.750306,"United States of America"
us_alaska_kougarok_mm64,"US Alaska Kougarok MM64",65.162500,-164.819851,"United States of America"
us_alaska_lake_clark_national_park,"US Alaska Lake Clark National Park",59.973700,-152.671300,"United States of America"
us_alaska_lake_coville,"US Alaska Lake Coville",58.802500,-155.562900,"United States of America"
us_alaska_lily_lake_fen,"US Alaska Lily Lake Fen",60.538200,-150.506100,"United States of America"
us_alaska_matanuska,"US Alaska Matanuska",61.776883,-147.748667,"United States of America"
us_alaska_neon_heal,"US Alaska NEON HEAL",63.875689,-149.213339,"United States of America"
us_alaska_ngee_arctic_council,"US Alaska NGEE Arctic Council",64.861400,-163.700800,"United States of America"
us_alaska_ngee_barrow,"US Alaska NGEE Barrow",71.280044,-156.609181,"United States of America"
us_alaska_north_slope,"US Alaska North Slope",69.627333,-148.666500,"United States of America"
us_alaska_north_star_yedoma,"US Alaska North Star Yedoma",64.893900,-147.637400,"United States of America"
us_alaska_oksrukuyik_creek,"US Alaska Oksrukuyik Creek",68.669750,-149.143020,"United States of America"
us_alaska_poker_flat_research_range,"US Alaska Poker Flat Research Range",65.119800,-147.429000,"United States of America"
us_alaska_poker_flat_research_range_black_spruce_forest,"US Alaska Poker Flat Research Range Black Spruce Forest",65.123700,-147.487600,"United States of America"
us_alaska_sag_river,"US Alaska Sag River",69.513100,-148.567600,"United States of America"
us_alaska_snipe_lake,"US Alaska Snipe Lake",60.610300,-154.319900,"United States of America"
us_alaska_teller_mm27,"US Alaska Teller MM27",64.735500,-165.950390,"United States of America"
us_alaska_teller_mm47,"US Alaska Teller MM47",64.982000,-166.211390,"United States of America"
us_alaska_toolik,"US Alaska Toolik",68.661090,-149.370470,"United States of America"
us_alaska_toolik_lake,"US Alaska Toolik Lake",68.630692,-149.610636,"United States of America"
us_alaska_toolik_lake_5_ene,"US Alaska Toolik Lake 5 ENE",68.648300,-149.398800,"United States of America"
us_alaska_trail_valley_creek,"CA NT Trail Valley Creek",68.746200,-133.501700,"Canada"
us_alaska_tund_tower,"US Alaska TUND Tower",71.280866,-156.612205,"United States of America"
us_alaska_university_of_alaska_fairbanks,"US Alaska University of Alaska Fairbanks",64.866270,-147.855530,"United States of America"
us_alaska_upad,"US Alaska UPad",70.281472,-148.884833,"United States of America"
us_alaska_yukon_kuskokwim_delta_burned_2015,"US Alaska Yukon-Kuskokwim Delta Burned 2015",61.272300,-163.222800,"United States of America"
us_alaska_yukon_kuskokwim_delta_unburned,"US Alaska Yukon Kuskokwim Delta Unburned",61.254800,-163.259000,"United States of America"
us_arizona_arizona,"US Arizona Mt Lemmon",32.442001,-110.788002,"United States of America"
us_arizona_audubon_research_ranch,"US Arizona Audubon Research Ranch",31.590700,-110.509200,"United States of America"
us_arizona_audubon_research_ranch2,"US Arizona Audubon Research Ranch",31.590730,-110.510380,"United States of America"
us_arizona_az_amado_23_w,"US Arizona Amado 23 W",31.692200,-111.448100,"United States of America"
us_arizona_az_bowie_23_sse,"US Arizona Bowie 23 SSE",32.009500,-109.389100,"United States of America"
us_arizona_az_camp_verde_3_n,"US Arizona Camp Verde 3 N",34.613600,-111.843100,"United States of America"
us_arizona_az_coolidge_5w,"US Arizona Coolidge 5W",32.991800,-111.532600,"United States of America"
us_arizona_az_elgin_5_s,"US Arizona Elgin 5 S",31.590700,-110.508700,"United States of America"
us_arizona_az_gila_bend_3_ene,"US Arizona Gila Bend 3 ENE",32.964900,-112.669700,"United States of America"
us_arizona_az_heber_3_se,"US Arizona Heber 3 SE",34.398300,-110.565600,"United States of America"
us_arizona_az_holbrook_17_ese,"US Arizona Holbrook 17 ESE",34.822100,-109.892700,"United States of America"
us_arizona_az_kayenta_16_wsw,"US Arizona Kayenta 16 WSW",36.682300,-110.542400,"United States of America"
us_arizona_az_page_9_wsw,"US Arizona Page 9 WSW",36.863700,-111.601200,"United States of America"
us_arizona_az_phoenix_7_s,"US Arizona Phoenix 7 S",33.347100,-112.083200,"United States of America"
us_arizona_az_safford_5_nne,"US Arizona Safford 5 NNE",32.856206,-109.634851,"United States of America"
us_arizona_az_tucson_11_w,"US Arizona Tucson 11 W",32.239500,-111.169600,"United States of America"
us_arizona_az_whiteriver_a_1_sw,"US Arizona Whiteriver A 1 SW",33.820560,-109.984210,"United States of America"
us_arizona_az_williams_35_nnw,"US Arizona Williams 35 NNW",35.755200,-112.337400,"United States of America"
us_arizona_az_yuma_27_ene,"US Arizona Yuma 27 ENE",32.835000,-114.188400,"United States of America"
us_arizona_charleston_mesquite_woodland,"US Arizona Charleston Mesquite Woodland",31.663654,-110.177692,"United States of America"
us_arizona_flagstaff_managed_forest,"US Arizona Flagstaff Managed Forest",35.142600,-111.727300,"United States of America"
us_arizona_flagstaff_unmanaged_forest,"US Arizona Flagstaff Unmanaged Forest",35.089000,-111.762000,"United States of America"
us_arizona_flagstaff_wildfire,"US Arizona Flagstaff Wildfire",35.445400,-111.771800,"United States of America"
us_arizona_forestdale_flagstaff,"US Arizona Forestdale Flagstaff",35.179615,-111.604903,"United States of America"
us_arizona_grand_canyon,"US Arizona Grand Canyon",36.060000,-112.117500,"United States of America"
us_arizona_grand_canyon_south_rim,"US Arizona Grand Canyon South Rim",36.024100,-112.221100,"United States of America"
us_arizona_hart_prairie,"US Arizona Hart Prairie",35.325200,-111.705600,"United States of America"
us_arizona_hart_prairie_preserve,"US Arizona Hart Prairie Preserve",35.353600,-111.732400,"United States of America"
us_arizona_kitt_peak_mp,"US Arizona Kitt Peak MP",31.958417,-111.594675,"United States of America"
us_arizona_lewis_springs_mesquite,"US Arizona Lewis Springs Mesquite",31.565840,-110.134380,"United States of America"
us_arizona_little_colorado_river_sega_site,"US Arizona Little Colorado River SEGA site",35.723100,-111.321000,"United States of America"
us_arizona_maricopa,"US Arizona Maricopa",33.069023,-111.972298,"United States of America"
us_arizona_mt_bigelow,"US Arizona Mt Bigelow",32.416667,-110.725514,"United States of America"
us_arizona_phoenix_desert_botanical_garden_site,"Phoenix, Desert botanical garden site",33.458200,-111.942800,"United States"
us_arizona_phoenix_encanto_golf_course,"Phoenix, Encanto Golf Course",33.478500,-112.098000,"United States"
us_arizona_phoenix_maryvale_neighborhood_site,"Phoenix, Maryvale Neighborhood Site",33.483900,-112.142600,"United States"
us_arizona_portal,"US Arizona Portal",31.938500,-109.082300,"United States of America"
us_arizona_san_pedro_river_lewis_springs_sacaton_grassland,"US Arizona San Pedro River Lewis Springs Sacaton Grassland",31.561530,-110.140330,"United States of America"
us_arizona_santa_rita_creosote,"US Arizona Santa Rita Creosote",31.908312,-110.839480,"United States of America"
us_arizona_santa_rita_experimental_range,"US Arizona Santa Rita Experimental Range",31.910680,-110.835490,"United States of America"
us_arizona_santa_rita_grassland,"US Arizona Santa Rita Grassland",31.789400,-110.827700,"United States of America"
us_arizona_santa_rita_mesquite_savanna,"US Arizona Santa Rita Mesquite Savanna",31.821430,-110.866110,"United States of America"
us_arizona_santa_rita_mesquite_savanna2,"US Arizona Santa Rita Experimental Range Mesquite Savanna",31.817294,-110.850801,"United States of America"
us_arizona_sega_arboretum_forest_site,"US Arizona SEGA Arboretum Forest Site",35.161300,-111.735900,"United States of America"
us_arizona_sega_arboretum_meadow,"US Arizona SEGA Arboretum Meadow",35.162100,-111.731600,"United States of America"
us_arizona_sega_bear_springs,"US Arizona SEGA Bear Springs",36.362900,-112.172200,"United States of America"
us_arizona_sega_black_point,"US Arizona SEGA Black Point",35.681400,-111.475400,"United States of America"
us_arizona_sega_blue_chute,"US Arizona SEGA Blue Chute",35.587600,-111.971600,"United States of America"
us_arizona_sega_bradshaw_ranch,"US Arizona SEGA Bradshaw Ranch",34.910900,-111.928500,"United States of America"
us_arizona_sega_little_colorado_river_view,"US Arizona SEGA Little Colorado River View",35.706900,-111.360000,"United States of America"
us_arizona_sega_little_mountain,"US Arizona SEGA Little Mountain",36.586500,-112.363400,"United States of America"
us_arizona_sega_walnut_creek,"US Arizona SEGA Walnut Creek",34.921500,-112.845800,"United States of America"
us_arizona_sega_white_pockets_kaibab_national_forest_arizona,"US Arizona SEGA White Pockets Kaibab National Forest Arizona",36.608100,-112.408200,"United States of America"
us_arizona_soap_creek_sega_site,"US Arizona Soap Creek SEGA site",36.751000,-111.716000,"United States of America"
us_arizona_sycamore_creek,"US Arizona Sycamore Creek",33.749060,-111.506900,"United States of America"
us_arizona_thinned_ponderosa_pine_forest_near_flagstaff,"US Arizona Thinned ponderosa pine forest near Flagstaff",35.152900,-111.405900,"United States of America"
us_arizona_tucson,"US Arizona Tucson",32.233002,-110.953003,"United States of America"
us_arizona_usgs_flagstaff_rolo,"US Arizona USGS Flagstaff ROLO",35.214840,-111.634420,"United States of America"
us_arizona_walnut_gulch_kendall_grasslands,"US Arizona Walnut Gulch Kendall Grasslands",31.736527,-109.941880,"United States of America"
us_arizona_walnut_gulch_lucky_hills_shrubland,"US Arizona Walnut Gulch Lucky Hills Shrubland",31.743833,-110.052222,"United States of America"
us_arizona_yuma,"US Arizona Yuma",32.644138,-114.582780,"United States of America"
us_arkansas_ar_batesville_8_wnw,"US Arkansas Batesville 8 WNW",35.820100,-91.781200,"United States of America"
us_arkansas_burdette_farm_rice_field_1_row_with_cover,"US Arkansas Burdette farm rice field 1 row with cover",35.828400,-89.987900,"United States of America"
us_arkansas_burdette_farm_rice_field_1_row_without_cover,"US Arkansas Burdette farm rice field 1 row without cover",35.828400,-89.983600,"United States of America"
us_arkansas_burdette_farm_rice_field_1_us_miri,"US Arkansas Burdette farm rice field 1 US MIRI",35.820900,-89.983700,"United States of America"
us_arkansas_burdette_farm_rice_field_4n,"US Arkansas Burdette Farm Rice Field 4N",35.813870,-89.986210,"United States of America"
us_arkansas_burdette_farm_rice_field__awd,"US Arkansas Burdette Farm Rice Field AWD",35.808900,-90.032700,"United States of America"
us_arkansas_burdette_farm_rice_field__conventional,"US Arkansas Burdette Farm Rice Field Conventional",35.808900,-90.028400,"United States of America"
us_arkansas_burdette_farm_rice_field_seagraves_n,"US Arkansas Burdette Farm Rice Field Seagraves N",35.814010,-90.019400,"United States of America"
us_arkansas_burdette_farm_rice_field_seagraves_s,"US Arkansas Burdette Farm Rice Field Seagraves S",35.810450,-90.019410,"United States of America"
us_arkansas_corn_soy_rotation_farm,"US Arkansas Corn Soy Rotation Farm",34.415900,-91.673300,"United States of America"
us_arkansas_corn_soy_rotation_farm_2,"US Arkansas Corn Soy Rotation Farm",34.412100,-91.675200,"United States of America"
us_arkansas_crossett_experimental_forest,"US Arkansas Crossett Experimental Forest",33.044200,-91.920400,"United States of America"
us_arkansas_desha_county_rice_farm,"US Arkansas Desha County Rice Farm",33.618300,-91.435500,"United States of America"
us_arkansas_desha_county_rice_farm_2,"US Arkansas Desha County Rice Farm",33.621600,-91.430600,"United States of America"
us_arkansas_humnoke_carr_north_rice_field,"US Arkansas Humnoke Carr North Rice Field",34.595541,-91.713243,"United States of America"
us_arkansas_humnoke_carr_south_rice_field,"US Arkansas Humnoke Carr South Rice Field",34.592200,-91.713800,"United States of America"
us_arkansas_humnoke_farm_rice_field_awd,"US Arkansas Humnoke Farm Rice Field AWD",34.583300,-91.748000,"United States of America"
us_arkansas_humnoke_farm_rice_field_awd_2,"US Arkansas Humnoke Farm Rice Field AWD 2",34.585208,-91.751735,"United States of America"
us_arkansas_humnoke_farm_rice_field_conventional,"US Arkansas Humnoke Farm Rice Field conventional",34.585700,-91.747500,"United States of America"
us_arkansas_humnoke_farm_rice_field_conventional2,"US Arkansas Humnoke Farm Rice Field conventional 2",34.588830,-91.751658,"United States of America"
us_arkansas_manila_cotton,"US Arkansas Manila Cotton",35.887200,-90.137100,"United States of America"
us_arkansas_osceola_farm_2,"US Arkansas Osceola Farm 2",35.740600,-90.048900,"United States of America"
us_arkansas_osceola_farm_3,"US Arkansas Osceola Farm 3",35.737200,-90.044400,"United States of America"
us_arkansas_osceola_farm_4,"US Arkansas Osceola Farm 4",35.734400,-90.038100,"United States of America"
us_arkansas_osceola_farm_5,"US Arkansas Osceola Farm 5",35.729700,-90.040600,"United States of America"
us_arkansas_osceola_farm_6,"US Arkansas Osceola Farm 6",35.733300,-90.040300,"United States of America"
us_arkansas_osceola_farm_rice_field_nw,"US Arkansas Osceola Farm Rice Field NW",35.747100,-90.051100,"United States of America"
us_arkansas_osceola_farm_rice_field_sw,"US Arkansas Osceola Farm Rice Field SW",35.737100,-90.049200,"United States of America"
us_arkansas_overflow_grassland,"US Arkansas Overflow Grassland",33.110500,-91.628200,"United States of America"
us_arkansas_upper_buffalo,"US Arkansas Upper Buffalo",35.863732,-93.493222,"United States of America"
us_california_agua_tibia_wilderness,"US California Agua Tibia Wilderness",33.602220,-117.343680,"United States of America"
us_california_ahwahnee,"US California Ahwahnee",37.746700,-119.581600,"United States of America"
us_california_anza_borrego_desert_research_center,"US California Anza Borrego Desert Research Center",33.240100,-116.388600,"United States of America"
us_california_bald_helibase_stanislaus_forest,"US California Bald Helibase Stanislaus Forest",38.140238,-120.094569,"United States of America"
us_california_bald_mountain1,"US California Bald Mountain1",36.018330,-118.250280,"United States of America"
us_california_berkeley_way_west,"US California Berkeley Way West",37.873600,-122.268400,"United States of America"
us_california_big_chico_creek,"US California Big Chico Creek",39.812500,-121.813500,"United States of America"
us_california_biggs,"US California Biggs",39.450001,-121.733330,"United States of America"
us_california_black_rock_canyon_ranger_station_joshua_tree,"US California Black Rock Canyon Ranger Station Joshua Tree",34.071389,-116.390556,"United States of America"
us_california_blodgett_forest,"US California Blodgett Forest",38.895250,-120.632750,"United States of America"
us_california_bouldin_island_alfalfa,"US California Bouldin Island Alfalfa",38.099154,-121.499330,"United States of America"
us_california_bouldin_island_alfalfa_2,"US California Bouldin Island Alfalfa",38.102200,-121.504200,"United States of America"
us_california_bouldin_island_corn,"US California Bouldin Island corn",38.109000,-121.535000,"United States of America"
us_california_breckenridge_mountain_sequoia_forest,"US California Breckenridge Mountain Sequoia Forest",35.450830,-118.582780,"United States of America"
us_california_butte_county_rice_farm,"US California Butte County Rice Farm",39.578242,-121.857536,"United States of America"
us_california_butte_county_rice_farm_2,"US California Butte County Rice Farm",39.577100,-121.867000,"United States of America"
us_california_ca_bodega_6_wsw,"US California Bodega 6 WSW",38.320800,-123.074700,"United States of America"
us_california_ca_fallbrook_5_ne,"US California Fallbrook 5 NE",33.439200,-117.190400,"United States of America"
us_california_ca_merced_23_wsw,"US California Merced 23 WSW",37.238100,-120.882500,"United States of America"
us_california_ca_redding_12_wnw,"US California Redding 12 WNW",40.650700,-122.606800,"United States of America"
us_california_ca_santa_barbara_11_w,"US California Santa Barbara 11 W",34.414100,-119.879600,"United States of America"
us_california_ca_stovepipe_wells_1_sw,"US California Stovepipe Wells 1 SW",36.602000,-117.144900,"United States of America"
us_california_ca_yosemite_village_12_w,"US California Yosemite Village 12 W",37.759200,-119.820800,"United States of America"
us_california_caltech,"US California CalTech",34.136730,-118.126167,"United States of America"
us_california_china_lake,"US California China Lake",35.674100,-117.744533,"United States of America"
us_california_climate_gradient_coastal_sage,"US Southern California Climate Gradient Coastal Sage",33.734329,-117.695950,"United States of America"
us_california_climate_gradient_desert,"US Southern California Climate Gradient Desert",33.651810,-116.372140,"United States of America"
us_california_climate_gradient_desert_chaparral,"US Southern California Climate Gradient Desert Chaparral",33.609444,-116.450556,"United States of America"
us_california_climate_gradient_grassland,"US California Climate Gradient Grassland",33.736500,-117.694600,"United States of America"
us_california_climate_gradient_oak_pine_forest,"US Southern California Climate Gradient Oak Pine Forest",33.807879,-116.771667,"United States of America"
us_california_climate_gradient_pinyon_juniper_woodland,"US Southern California Climate Gradient Pinyon Juniper Woodland",33.604722,-116.452667,"United States of America"
us_california_climate_gradient_sierran_mixed_conifer,"US Southern California Climate Gradient Sierran Mixed Conifer",37.067400,-119.195100,"United States of America"
us_california_climate_gradient_sonoran_desert,"US Southern California Climate Gradient Sonoran Desert",33.816700,-116.372500,"United States of America"
us_california_coal_oil_point,"US California Coal Oil Point",34.413695,-119.880226,"United States of America"
us_california_concord_grazed_grassland,"US California Concord Grazed Grassland",37.937996,-121.976105,"United States of America"
us_california_corcoran,"US California Corcoran",36.103430,-119.566100,"United States of America"
us_california_diablo,"US California Diablo",37.677300,-121.529600,"United States of America"
us_california_dragon_arvin,"US California DRAGON Arvin",35.237959,-118.787810,"United States of America"
us_california_dragon_bakersfield,"US California DRAGON Bakersfield",35.331506,-119.000008,"United States of America"
us_california_dragon_clovis,"US California DRAGON Clovis",36.819310,-119.716390,"United States of America"
us_california_dragon_drummond,"US California DRAGON Drummond",36.705560,-119.741390,"United States of America"
us_california_dragon_hanford,"US California DRAGON Hanford",36.315720,-119.643230,"United States of America"
us_california_dragon_huron,"US California DRAGON Huron",36.206150,-120.105450,"United States of America"
us_california_dragon_madera_city,"US California DRAGON Madera City",36.953162,-120.034418,"United States of America"
us_california_dragon_parlier,"US California DRAGON Parlier",36.597440,-119.503690,"United States of America"
us_california_dragon_porterville,"US California DRAGON Porterville",36.031790,-119.055050,"United States of America"
us_california_dragon_shafter,"US California DRAGON Shafter",35.503610,-119.272500,"United States of America"
us_california_dragon_tranquility,"US California DRAGON Tranquility",36.634340,-120.382340,"United States of America"
us_california_dragon_visalia,"US California DRAGON Visalia",36.314110,-119.393010,"United States of America"
us_california_dripping_springs,"US California Dripping Springs",33.300000,-116.800000,"United States of America"
us_california_dutch_slough_marsh_gilbert_tract,"US California Dutch Slough Marsh Gilbert Tract",38.001500,-121.669100,"United States of America"
us_california_east_pond_wetland,"US California East Pond Wetland",38.107192,-121.642576,"United States of America"
us_california_eden_landing_ecological_reserve,"US California Eden Landing Ecological Reserve",37.615600,-122.114000,"United States of America"
us_california_el_segundo,"US California El Segundo",33.912500,-118.382300,"United States of America"
us_california_elkhorn_slough_hester_marsh,"US California Elkhorn Slough Hester Marsh",36.809400,-121.752300,"United States of America"
us_california_elkhorn_slough_north_marsh,"US California Elkhorn Slough North Marsh",36.835700,-121.732800,"United States of America"
us_california_elkhorn_slough_porter_marsh,"US California Elkhorn Slough Porter Marsh",36.855800,-121.748800,"United States of America"
us_california_elkhorn_slough_yampah_marsh,"US California Elkhorn Slough Yampah Marsh",36.810500,-121.748700,"United States of America"
us_california_farewell_gap,"US California Farewell Gap",36.453000,-118.590000,"United States of America"
us_california_forbes,"US California Forbes",39.232000,-121.297200,"United States of America"
us_california_fresno,"US California Fresno",36.781733,-119.773167,"United States of America"
us_california_fresno_2,"US California Fresno 2",36.785370,-119.773020,"United States of America"
us_california_glenn_county_organic_rice_farm,"US California Glenn County Organic Rice Farm",39.680500,-122.002600,"United States of America"
us_california_glenn_county_organic_rice_farm_2,"US California Glenn County Organic Rice Farm",39.676900,-122.005200,"United States of America"
us_california_glenn_county_rice_farm,"US California Glenn County Rice Farm",39.594378,-122.025310,"United States of America"
us_california_goldstone,"US California Goldstone",35.233333,-116.791667,"United States of America"
us_california_grizzly_bay,"US California Grizzly Bay",38.108167,-122.056208,"United States of America"
us_california_half_dome_yosemite_national_park,"US California Half Dome Yosemite National Park",37.723176,-119.583677,"United States of America"
us_california_hill_slough_marsh,"US California Hill Slough Marsh",38.236800,-122.021100,"United States of America"
us_california_jasper_ridge,"US California Jasper Ridge",37.402132,-122.221028,"United States of America"
us_california_josephine_peak_los_angeles_county_california,"US California Josephine Peak Los Angeles County California",34.285557,-118.153961,"United States of America"
us_california_kaweah,"US California Kaweah",36.443500,-118.909250,"United States of America"
us_california_la_jolla,"US California La Jolla",32.868460,-117.251130,"United States of America"
us_california_lake_tahoe,"US California Lake Tahoe",39.171000,-120.104000,"United States of America"
us_california_lindcove_orange_orchard,"US California Lindcove Orange Orchard",36.356600,-119.842300,"United States of America"
us_california_lindcove_orange_orchard2,"US California Lindcove Orange Orchard 2",36.356578,-119.092222,"United States of America"
us_california_lower_teakettle,"US California Lower Teakettle",37.005830,-119.006020,"United States of America"
us_california_mammoth_lake,"US California Mammoth Lake",37.616667,-119.033333,"United States of America"
us_california_marina,"US California Marina",36.808717,-121.808717,"United States of America"
us_california_mayberry_wetland,"US California Mayberry Wetland",38.049861,-121.764980,"United States of America"
us_california_mcclellan_afb,"US California McClellan AFB",38.667777,-121.399444,"United States of America"
us_california_mineral_king_sequoia_national_park,"US California Mineral King Sequoia National Park",36.447188,-118.438830,"United States of America"
us_california_modesto,"US California Modesto",37.642170,-120.994220,"United States of America"
us_california_monterey,"US California Monterey",36.592550,-121.854867,"United States of America"
us_california_moro_cojo_slough_wetland,"US California Moro Cojo Slough Wetland",36.783000,-121.769000,"United States of America"
us_california_moss_landing,"US California Moss Landing",36.793133,-121.788167,"United States of America"
us_california_mpg_apricot_lane_farms,"US California MPG Apricot Lane Farms",34.310800,-118.924400,"United States of America"
us_california_nasa_ames,"US California NASA Ames",37.419986,-122.056969,"United States of America"
us_california_neon17_sjer,"US California NEON17 SJER",37.090419,-119.722136,"United States of America"
us_california_neon_ivanpah,"US California NEON Ivanpah",35.550655,-115.381780,"United States of America"
us_california_neon_soaprootsaddle,"US California NEON Soaproot Saddle",37.033370,-119.262190,"United States of America"
us_california_newman_seasonal_wetlands,"US California Newman Seasonal Wetlands",37.309100,-121.004200,"United States of America"
us_california_owens_lake,"US California Owens Lake",36.487778,-117.870697,"United States of America"
us_california_park_ridge_kings_canyon_national_park,"US California Park Ridge Kings Canyon National Park",36.724670,-118.943060,"United States of America"
us_california_point_reyes,"US California Point Reyes",37.996389,-123.021111,"United States of America"
us_california_rice_field_in_butte_county,"US California Rice field in Butte County",39.579300,-121.858000,"United States of America"
us_california_robert_j._bernard_biological_field_station,"Robert J. Bernard Biological Field Station",34.112800,-117.711900,"United States"
us_california_sagehen_2,"US California Sagehen 2",39.430700,-120.240700,"United States of America"
us_california_sagehen_creek_field_station,"US California Sagehen Creek Field Station",39.431500,-120.239800,"United States of America"
us_california_sagehen_creek_field_station_subcanopy,"US California Sagehen Creek Field Station Subcanopy",39.431100,-120.240500,"United States of America"
us_california_salton_city_sea,"US California Salton City Sea",33.169230,-115.855930,"United States of America"
us_california_san_bernardino_national_forest,"US California San Bernardino National Forest",33.622000,-116.867000,"United States of America"
us_california_san_joaquin_freshwater_marsh_tower_1,"US California San Joaquin Freshwater Marsh Tower 1",33.662300,-117.851400,"United States of America"
us_california_san_joaquin_freshwater_marsh_tower_2,"US California San Joaquin Freshwater Marsh Tower 2",33.659600,-117.855000,"United States of America"
us_california_san_nicolas,"US California San Nicolas",33.256889,-119.486972,"United States of America"
us_california_san_nicolas_vandal,"US California San Nicolas Vandal",33.262214,-119.536711,"United States of America"
us_california_santa_barbara_coastal_lter__sbc1,"US California SBC1 Santa Barbara Coastal LTER",34.495440,-119.911800,"United States of America"
us_california_santa_monica_colg,"US California Santa Monica Colg",34.016850,-118.471130,"United States of America"
us_california_santaluciapreserve1,"US California Santalucia Preserve1",36.526500,-121.868200,"United States of America"
us_california_sedgwick_ranch,"US California Sedgwick Ranch",34.696850,-120.048400,"United States of America"
us_california_sequoia,"US California Sequoia",36.565833,-118.777222,"United States of America"
us_california_sherman_barn,"US California Sherman Barn",38.040000,-121.727200,"United States of America"
us_california_sherman_island,"US California Sherman Island",38.037300,-121.753650,"United States of America"
us_california_sherman_island_restored_wetland,"US California Sherman Island Restored Wetland",38.036900,-121.754700,"United States of America"
us_california_sherman_peak_sequoia_national_forest,"US California Sherman Peak Sequoia National Forest",36.010280,-118.373610,"United States of America"
us_california_sierra_san_joaquin_experimental_range,"US California Sierra San Joaquin Experimental Range",37.108800,-119.731300,"United States of America"
us_california_sierra_shorthair,"US California Sierra Shorthair",37.067500,-118.986700,"United States of America"
us_california_sierra_soaproot_saddle,"US California Sierra Soaproot Saddle",37.031100,-119.256600,"United States of America"
us_california_sjer_neon,"US California San Joaquin Experimental Range SJER NEON",37.108780,-119.732280,"United States of America"
us_california_sky_oaks_new,"US California Sky Oaks New",33.384444,-116.640600,"United States of America"
us_california_sky_oaks_old,"US California Sky Oaks Old",33.373889,-116.622889,"United States of America"
us_california_sky_oaks_young_stand,"US California Sky Oaks Young Stand",33.377100,-116.622600,"United States of America"
us_california_stanislaus_county_forage_farm,"US California Stanislaus County Forage Farm",37.699500,-121.136900,"United States of America"
us_california_staten_corn_1,"US California Staten Corn 1",38.133500,-121.539000,"United States of America"
us_california_staten_corn_2,"Staten Corn 2",38.137500,-121.514000,"United States"
us_california_staten_island_fallow,"US California Staten Island Fallow",38.174722,-121.504722,"United States of America"
us_california_staten_island_flooded,"US California Staten Island Flooded",38.175833,-121.516667,"United States of America"
us_california_staten_rice_1,"US California Staten Rice 1",38.123500,-121.549000,"United States of America"
us_california_suisun_marsh_rush_ranch,"US California Suisun marsh Rush Ranch",38.200556,-122.026358,"United States of America"
us_california_table_mountain,"US California TABLE MOUNTAIN",34.380000,-117.680000,"United States of America"
us_california_teakettle_2_creek,"US California Teakettle 2 Creek",36.955280,-119.026990,"United States of America"
us_california_tobias_peak_sequoia_national_forest,"US California Tobias Peak Sequoia National Forest",35.850280,-118.571940,"United States of America"
us_california_tonzi_ranch,"US California Tonzi Ranch",38.431600,-120.965983,"United States of America"
us_california_trinidad_head,"US California Trinidad Head",41.053917,-124.151017,"United States of America"
us_california_turtleback_dome_yosemite,"US California Turtleback Dome Yosemite",37.713333,-119.706111,"United States of America"
us_california_twitchell_alfalfa,"US California Twitchell Alfalfa",38.115900,-121.646700,"United States of America"
us_california_twitchell_corn,"US California Twitchell Corn",38.104700,-121.643300,"United States of America"
us_california_twitchell_corn_2,"US California Twitchell Corn",38.096900,-121.636500,"United States of America"
us_california_twitchell_east_end_wetland,"US California Twitchell East End Wetland",38.102700,-121.641300,"United States of America"
us_california_twitchell_island,"US California Twitchell Island",38.105500,-121.652100,"United States of America"
us_california_twitchell_island_2,"US California Twitchell Island",38.108700,-121.653000,"United States of America"
us_california_twitchell_wetland_west_pond,"US California Twitchell Wetland West Pond",38.107400,-121.646900,"United States of America"
us_california_uc_anr_alfalfa,"US California UC ANR Desert Research and Extension Center Alfalfa",32.813600,-115.442300,"United States of America"
us_california_uc_anr_urban_farm_tower,"US California UC ANR Desert Research and Extension Center Urban Farm Tower",32.805600,-115.445600,"United States of America"
us_california_uca_santa_cruz,"US California UCA Santa Cruz",37.012400,-122.075000,"United States of America"
us_california_ucsb,"US California UCSB",34.415428,-119.845360,"United States of America"
us_california_upper_big_creek,"US California Upper Big Creek",37.058000,-119.256000,"United States of America"
us_california_usc_seaprism,"US California USC SEAPRISM",33.563710,-118.117820,"United States of America"
us_california_ussl_san_joaquin_almond_high,"US California USSL San Joaquin Valley Almond High Salinity",36.169669,-120.201004,"United States of America"
us_california_ussl_san_joaquin_almond_low,"US California USSL San Joaquin Valley Almond Low Salinity",36.946608,-120.102370,"United States of America"
us_california_ussl_san_joaquin_almond_medium,"US California USSL San Joaquin Valley Almond Medium Salinity",36.177669,-120.202645,"United States of America"
us_california_ussl_san_joaquin_pistachio_high,"US California USSL San Joaquin Valley Pistachio High",36.234729,-120.202645,"United States of America"
us_california_ussl_san_joaquin_pistachio_low,"US California USSL San Joaquin Valley Pistachio Low",36.827573,-120.139657,"United States of America"
us_california_ussl_san_joaquin_valley_pistachio_high,"US California USSL San Joaquin Valley Pistachio High",36.234700,-119.924700,"United States of America"
us_california_vaira_ranch,"US California Vaira Ranch",38.406667,-120.950733,"United States of America"
us_california_vaira_ranch_ione,"US California Vaira Ranch- Ione",38.413300,-120.950700,"United States of America"
us_california_yosemite,"US California Yosemite",37.766200,-119.819000,"United States of America"
us_cce_california_current_ecosystem__cce1,"US CCE California Current Ecosystem",32.873600,-120.279800,"United States of America"
us_colorado_arikaree_river,"US Colorado Arikaree River",39.758250,-102.447100,"United States of America"
us_colorado_bsrn_bao_boulder,"US Colorado BSRN BAO Boulder",40.045183,-105.006033,"United States of America"
us_colorado_co_akron_4_e,"US Colorado Akron 4 E",40.155100,-103.141700,"United States of America"
us_colorado_co_boulder_14_w,"US Colorado Boulder 14 W",40.035400,-105.540900,"United States of America"
us_colorado_co_center_a_4_ssw,"US Colorado Center A 4 SSW",37.706800,-106.144400,"United States of America"
us_colorado_co_colorado_springs_23_nw,"US Colorado Colorado Springs 23 NW",39.087800,-105.087900,"United States of America"
us_colorado_co_cortez_8_se,"US Colorado Cortez 8 SE",37.255300,-108.503500,"United States of America"
us_colorado_co_dinosaur_2_e,"US Colorado Dinosaur 2 E",40.244600,-108.967700,"United States of America"
us_colorado_co_eads_16_ene,"US Colorado Eads 16 ENE",38.544300,-102.502500,"United States of America"
us_colorado_co_eagle_13_sse,"US Colorado Eagle 13 SSE",39.482700,-106.733700,"United States of America"
us_colorado_co_grand_junction_9_w,"US Colorado Grand Junction 9 W",39.101800,-108.735300,"United States of America"
us_colorado_co_kim_9_wsw,"US Colorado Kim 9 WSW",37.216800,-103.504200,"United States of America"
us_colorado_co_la_junta_17_wsw,"US Colorado La Junta 17 WSW",37.863900,-103.822400,"United States of America"
us_colorado_co_meeker_15_w,"US Colorado Meeker 15 W",40.082200,-108.199600,"United States of America"
us_colorado_co_montrose_11_ene,"US Colorado Montrose 11 ENE",38.544000,-107.692800,"United States of America"
us_colorado_co_nunn_7_nne,"US Colorado Nunn 7 NNE",40.806600,-104.755200,"United States of America"
us_colorado_co_rifle_23_nw,"US Colorado Rifle 23 NW",39.760800,-108.126800,"United States of America"
us_colorado_co_rocky_ford_1_ese,"US Colorado Rocky Ford 1 ESE",38.038600,-103.694800,"United States of America"
us_colorado_co_saguache_2_wnw,"US Colorado Saguache 2 WNW",38.098900,-106.170900,"United States of America"
us_colorado_co_springfield_6_wsw,"US Colorado Springfield 6 WSW",37.381300,-102.719400,"United States of America"
us_colorado_co_stratton_24_n,"US Colorado Stratton 24 N",39.655300,-102.621700,"United States of America"
us_colorado_colorado,"US Colorado Mt Dickinson",40.450001,-105.550003,"United States of America"
us_colorado_como_creek,"US Colorado Como Creek",40.034960,-105.544870,"United States of America"
us_colorado_cper_adaptive_grazing,"US Colorado CPER adaptive grazing",40.840200,-104.767200,"United States of America"
us_colorado_cper_heavy_grazing,"US Colorado CPER heavy grazing",40.815300,-104.738600,"United States of America"
us_colorado_cper_traditional_grazing,"US Colorado CPER traditional grazing",40.833000,-104.760000,"United States of America"
us_colorado_crp_grazed_site,"US Colorado CRP Grazed site",40.725140,-104.301380,"United States of America"
us_colorado_crp_minimum_till_site,"US Colorado CRP Minimum till site",40.734500,-104.301280,"United States of America"
us_colorado_csu_test,"US Colorado CSU Test",40.574800,-105.081000,"United States of America"
us_colorado_digitalglobe_cal,"US Colorado DigitalGlobe Cal",40.138890,-105.137220,"United States of America"
us_colorado_dragon_aurora_east,"US Colorado DRAGON Aurora East",39.638540,-104.569130,"United States of America"
us_colorado_dragon_boulder,"US Colorado DRAGON Boulder",39.991859,-105.261325,"United States of America"
us_colorado_dragon_chatfield_pk,"US Colorado DRAGON Chatfield Pk",39.534500,-105.070365,"United States of America"
us_colorado_dragon_denverlacasa,"US Colorado DRAGON Denver La Casa",39.779490,-105.005180,"United States of America"
us_colorado_dragon_fort_collins,"US Colorado DRAGON Fort Collins",40.592795,-105.141410,"United States of America"
us_colorado_dragon_niwot_ridge,"US Colorado DRAGON Niwot Ridge",40.031795,-105.533313,"United States of America"
us_colorado_dragon_nrel_golden,"US Colorado DRAGON NREL Golden",39.743725,-105.177990,"United States of America"
us_colorado_dragon_platteville,"US Colorado DRAGON Platteville",40.182765,-104.726100,"United States of America"
us_colorado_dragon_rocky_flats,"US Colorado DRAGON Rocky Flats",39.912795,-105.188575,"United States of America"
us_colorado_dragon_squaw_mtn,"US Colorado DRAGON Squaw Mtn",39.679690,-105.493284,"United States of America"
us_colorado_dragon_welch,"US Colorado DRAGON Welch",39.638780,-105.139510,"United States of America"
us_colorado_dragon_weld_co_twr,"US Colorado DRAGON Weld Co Twr",40.386360,-104.737445,"United States of America"
us_colorado_east_river_riparian,"US Colorado East River Riparian",38.923000,-106.952400,"United States of America"
us_colorado_ft_lupton,"US Colorado Ft Lupton",40.035560,-104.885000,"United States of America"
us_colorado_mount_zirkel_routt_forest,"US Colorado Mount Zirkel Routt Forest",40.456550,-106.739870,"United States of America"
us_colorado_ncar,"US Colorado NCAR",40.037530,-105.242770,"United States of America"
us_colorado_neon_boulder,"US Colorado NEON Boulder",40.007870,-105.268210,"United States of America"
us_colorado_neon_castnet,"US Colorado NEON CASTNET",40.278572,-105.542538,"United States of America"
us_colorado_neon_cper,"US Colorado NEON CPER",40.812444,-104.744238,"United States of America"
us_colorado_neon_cper2,"US Colorado NEON CPER",40.815530,-104.745600,"United States of America"
us_colorado_neon_cvalla,"US Colorado NEON CVALLA",40.160630,-105.167250,"United States of America"
us_colorado_neon_grandjunction,"US Colorado NEON Grand Junction",39.127100,-108.535500,"United States of America"
us_colorado_neon_highparkfire,"US Colorado NEON High Park Fire",40.624173,-105.335581,"United States of America"
us_colorado_neon_hq,"US Colorado NEON HQ",40.015895,-105.246828,"United States of America"
us_colorado_neon_rmnp,"US Colorado NEON RMNP",40.275900,-105.545972,"United States of America"
us_colorado_neon_sterling,"US Colorado NEON Sterling",40.461903,-103.029297,"United States of America"
us_colorado_niwot_ridge,"US Colorado Niwot Ridge",40.032878,-105.546403,"United States of America"
us_colorado_niwot_ridge_alpine_t_van_west,"US Colorado Niwot Ridge Alpine T Van West",40.052042,-105.586444,"United States of America"
us_colorado_niwot_ridge_forest_usgs_site,"US Colorado Niwot Ridge Forest USGS site",40.032500,-105.546900,"United States of America"
us_colorado_niwot_ridge_mountain_research_station,"US Colorado Niwot Ridge Mountain Research Station",40.054250,-105.582370,"United States of America"
us_colorado_pagosa_springs,"US Colorado Pagosa Springs",37.270278,-107.050258,"United States of America"
us_colorado_poudre_river_learning_center,"US Colorado Poudre River Learning Center",40.443398,-104.814100,"United States of America"
us_colorado_red_mountain_pass,"US Colorado Red Mountain Pass",37.907450,-107.710920,"United States of America"
us_colorado_rockyflats_east_site,"US Colorado RockyFlats East site",39.877100,-105.169000,"United States of America"
us_colorado_rockyflats_west_site,"US Colorado RockyFlats West site",39.875100,-105.218400,"United States of America"
us_colorado_shortgrass_steppe__sgs__sgs1,"US Colorado Shortgrass Steppe SGS",40.807840,-104.187930,"United States of America"
us_colorado_slate_river_crested_butte,"US Colorado Slate River Crested Butte",38.909400,-107.028200,"United States of America"
us_colorado_south_denver,"US Colorado South Denver",39.659400,-105.012700,"United States of America"
us_colorado_steamboat_springs,"US Colorado Steamboat Springs",40.463760,-106.816990,"United States of America"
us_colorado_steamboatspring,"US Colorado Steamboat Springs",40.404867,-106.807117,"United States of America"
us_colorado_table_mountain,"US Colorado Table Mountain",40.125000,-105.237000,"United States of America"
us_colorado_walden,"US Colorado Walden",40.783800,-106.261800,"United States of America"
us_colorado_weminuche_wilderness_area_san_juan_forest_bayfield,"US Colorado Weminuche Wilderness Area San Juan Forest Bayfield",37.302500,-107.486390,"United States of America"
us_colorado_west_st_louis_creek,"US Colorado West St Louis Creek",39.891370,-105.915400,"United States of America"
us_connecticut_great_mountain_forest,"US Connecticut Great Mountain Forest",41.966667,-73.233333,"United States of America"
us_connecticut_irbe_lighthouse_baltic_sea,"US Connecticut Irbe Lighthouse Baltic Sea",57.750920,21.722970,"United States of America"
us_connecticut_new_haven,"US Connecticut New Haven",41.258300,-72.731200,"United States of America"
us_delaware_blackbird_creek_reserve_met_station,"US Delaware Blackbird Creek Reserve MET Station, Meadow, Townsend",39.391700,-75.628100,"United States of America"
us_delaware_dnerr_stjones_boardwalk,"US Delaware DNERR St. Jones Boardwalk, Salt Marsh, Dover",39.088800,-75.436800,"United States of America"
us_delaware_st_jones_reserve,"US Delaware St Jones Reserve",39.088211,-75.437225,"United States of America"
us_districtofcolumbia_national_capital_parks,"US District of Columbia National Capital Parks",38.888180,-77.069496,"United States of America"
us_districtofcolumbia_the_mall,"US District of Columbia The Mall",38.889522,-77.030917,"United States of America"
us_florida_archbold_a_virginicus,"US Florida Archbold A virginicus",27.176064,-81.219580,"United States of America"
us_florida_archbold_a_virginicus_not_grazed,"US Florida Archbold A virginicus not grazed",27.166627,-81.219828,"United States of America"
us_florida_archbold_p_notatum,"US Florida Archbold P notatum",27.187948,-81.200345,"United States of America"
us_florida_archbold_p_notatum_not_grazed,"US Florida Archbold P notatum not grazed",27.180677,-81.200680,"United States of America"
us_florida_archbold_wet,"US Florida Archbold wet",27.165566,-81.216131,"United States of America"
us_florida_austin_cary,"US Florida Austin Cary",29.738067,-82.218767,"United States of America"
us_florida_blue_cypress_marsh,"US Florida Blue Cypress Marsh",27.695278,-80.711389,"United States of America"
us_florida_bob_allen_key_lter_east,"Bob Allen Key LTER East",25.026600,-80.681400,"United States"
us_florida_crystal_face,"US Florida Crystal Face",25.650167,-80.422167,"United States of America"
us_florida_cypress_wetland,"US Florida Cypress wetland",29.770433,-82.208100,"United States of America"
us_florida_disney_preserve_pine_flatwoods,"US Florida Disney Wilderness Preserve Pine Flatwoods",28.104597,-81.419039,"United States of America"
us_florida_disney_wilderness_preserve_wetland,"US Florida Disney Wilderness Preserve Wetland",28.052060,-81.436110,"United States of America"
us_florida_donaldson,"US Florida Donaldson",29.754767,-82.163283,"United States of America"
us_florida_dry_tortugas,"US Florida Dry Tortugas",24.628056,-82.871944,"United States of America"
us_florida_dwarf_cypress_swamp,"US Florida Dwarf Cypress Swamp",25.762580,-80.907800,"United States of America"
us_florida_everglades_saltwater_intrusion_marsh,"US Florida Everglades Saltwater Intrusion Marsh",25.353900,-80.381000,"United States of America"
us_florida_everglades_shark_river_mangrove_forest,"US Florida Everglades Shark River Slough Mangrove Forest",25.362933,-81.077582,"United States of America"
us_florida_everglades_shark_river_marsh,"US Florida Everglades Shark River Slough Long Hydroperiod Marsh",25.551900,-80.782600,"United States of America"
us_florida_everglades_taylor_marsh,"US Florida Everglades Taylor Slough Short Hydroperiod Marsh",25.437900,-80.594600,"United States of America"
us_florida_fce__florida_coastal_everglades_lter__fce1,"US Florida FCE Florida Coastal Everglades LTER",25.468210,-80.853280,"United States of America"
us_florida_fl_everglades_city_5_ne,"US Florida Everglades City 5 NE",25.899600,-81.318400,"United States of America"
us_florida_fl_sebring_23_sse,"US Florida Sebring 23 SSE",27.152600,-81.368900,"United States of America"
us_florida_fl_titusville_7_e,"US Florida Titusville 7 E",28.615900,-80.692900,"United States of America"
us_florida_kennedy_space_center_salt_marsh,"US Florida Kennedy Space Center salt marsh",28.708500,-80.742700,"United States of America"
us_florida_kennedy_space_center_scrub_oak,"US Florida Kennedy Space Center Scrub Oak",28.608577,-80.671534,"United States of America"
us_florida_kennedy_space_center_slash_pine_flatwoods,"US Florida Kennedy Space Center Slash Pine Flatwoods",28.458304,-80.670903,"United States of America"
us_florida_kennedy_space_center_spartina_marsh,"US Florida Kennedy Space Center Spartina marsh",28.600000,-80.720700,"United States of America"
us_florida_key_biscayne,"US Florida Key Biscayne",25.731966,-80.163330,"United States of America"
us_florida_lake_okeechobee,"US Florida Lake Okeechobee",26.901700,-80.789200,"United States of America"
us_florida_macarthur_agro_ecology,"US Florida MacArthur Agro Ecology",27.163200,-81.187302,"United States of America"
us_florida_miami,"US Florida Miami",25.722920,-80.279720,"United States of America"
us_florida_mize,"US Florida Mize",29.764800,-82.244817,"United States of America"
us_florida_nasa_ksc,"US Florida NASA KSC",28.463763,-80.663476,"United States of America"
us_florida_neon_disney,"US Florida NEON Disney",28.125039,-81.436200,"United States of America"
us_florida_neon_osbs,"US Florida NEON OSBS",29.689269,-81.993431,"United States of America"
us_florida_oceolanf,"US Florida Oceola National Forest",30.205278,-82.442778,"United States of America"
us_florida_ona_pine,"US Florida Ona Pine",27.383600,-81.950856,"United States of America"
us_florida_ordway-swisher_biological_station_barco_lake,"US Florida Ordway-Swisher Biological Station Barco Lake",29.676470,-82.009090,"United States of America"
us_florida_ordway-swisher_biological_station_suggs_lake,"US Florida Ordway-Swisher Biological Station Suggs Lake",29.687050,-82.016170,"United States of America"
us_florida_ordway_swisher,"US Florida Ordway Swisher",29.697970,-81.988106,"United States of America"
us_florida_ordway_swisher_biological_station_suggs_lake,"US Florida Ordway Swisher Biological Station Suggs Lake",29.687780,-82.017745,"United States of America"
us_florida_outlying_field,"US Florida Outlying Field",30.549970,-87.375310,"United States of America"
us_florida_paspalum_notatum_pasture,"US Florida Paspalum Notatum Pasture",27.394400,-81.951000,"United States of America"
us_florida_pine_upland,"US Florida Pine Upland",26.000400,-80.926100,"United States of America"
us_florida_rayonier,"US Florida Rayonier",29.802817,-82.203150,"United States of America"
us_florida_sp_bayboro,"US Florida SP Bayboro",27.761550,-82.633000,"United States of America"
us_florida_tall_cypress_swamp,"US Florida Tall Cypress Swamp",25.822070,-81.101689,"United States of America"
us_florida_tallahassee,"US Florida Tallahassee",30.445833,-84.299350,"United States of America"
us_florida_talltimbers,"US Florida Tall Timbers",30.664167,-84.238890,"United States of America"
us_florida_taylor_slough_panhandle,"US Florida Taylor Slough Panhandle",25.190800,-80.639100,"United States of America"
us_georgia_ars_ec_site1,"US Georgia ARS EC Site1",31.510900,-83.617900,"United States of America"
us_georgia_ars_ec_site2,"US Georgia ARS EC Site2",31.439500,-83.591456,"United States of America"
us_georgia_coweeta_grassland,"US Georgia Coweeta Grassland",34.968200,-83.395100,"United States of America"
us_georgia_ec2_tifton_row_crops,"US Georgia EC2 Tifton row crops",31.709300,-83.728700,"United States of America"
us_georgia_flint_river,"US Georgia Flint River",31.185420,-84.437400,"United States of America"
us_georgia_ga_brunswick_23_s,"US Georgia Brunswick 23 S",30.807800,-81.459600,"United States of America"
us_georgia_ga_newton_11_sw,"US Georgia Newton 11 SW",31.192300,-84.446500,"United States of America"
us_georgia_ga_newton_8_w,"US Georgia Newton 8 W",31.312700,-84.470600,"United States of America"
us_georgia_ga_watkinsville_5_sse,"US Georgia Watkinsville 5 SSE",33.783700,-83.389600,"United States of America"
us_georgia_georgia_tech,"US Georgia Tech",33.780202,-84.399537,"United States of America"
us_georgia_jones_ecological_research_center,"US Georgia Jones Ecological Research Center",31.194840,-84.468610,"United States of America"
us_georgia_joneserc,"US Georgia Jones ERC",31.230830,-84.471111,"United States of America"
us_georgia_longleaf_pine_baker_mesic,"US Georgia Longleaf Pine Baker Mesic",31.279200,-84.532900,"United States of America"
us_georgia_longleaf_pine_dubignion_intermediate,"US Georgia Longleaf Pine Dubignion Intermediate",31.201000,-84.444900,"United States of America"
us_georgia_longleaf_pine_red_dirt_xeric,"US Georgia Longleaf Pine Red Dirt Xeric",31.268800,-84.478700,"United States of America"
us_georgia_lter_sapelo,"US Georgia LTER Sapelo",31.444044,-81.283528,"United States of America"
us_georgia_okefenokeenwr,"US Georgia Okefenokee NWR",30.741111,-82.128611,"United States of America"
us_georgia_search_yorkville,"US Georgia SEARCH Yorkville",33.928330,-85.045550,"United States of America"
us_georgia_southeast_watershed_research_laboratory_rg52_tifton,"US Georgia Southeast Watershed Research Laboratory RG52 Tifton",31.756300,-83.751600,"United States of America"
us_hawaii_coconut_island,"US Hawaii Coconut Island",21.432900,-157.789717,"United States of America"
us_hawaii_haleiwa,"US Hawaii Haleiwa",21.598400,-158.098500,"United States of America"
us_hawaii_honolulu,"US Hawaii Honolulu",21.317200,-157.886100,"United States of America"
us_hawaii_kamuela,"US Hawaii Kamuela",20.015008,-155.661326,"United States of America"
us_hawaii_kanehoa_south_kohala,"US Hawaii Kanehoa South Kohala",20.021200,-155.733100,"United States of America"
us_hawaii_kapoho,"US Hawaii Kapoho",19.516222,-154.810806,"United States of America"
us_hawaii_kohala_ranch_firewise_community,"US Hawaii Kohala Ranch Firewise Community",20.111700,-155.815100,"United States of America"
us_hawaii_lanai,"US Hawaii Lanai",20.735000,-156.921667,"United States of America"
us_hawaii_laupahoehoe,"US Hawaii Laupahoehoe",19.930100,-155.287000,"United States of America"
us_hawaii_maui_sugarcane_leesheltered,"US Hawaii Maui Sugarcane Lee Sheltered",20.784700,-156.403900,"United States of America"
us_hawaii_maui_sugarcane_middle,"US Hawaii Maui Sugarcane Middle",20.798100,-156.454000,"United States of America"
us_hawaii_maui_sugarcane_windy,"US Hawaii Maui Sugarcane Windy",20.824600,-156.491300,"United States of America"
us_hawaii_mauna_loa,"US Hawaii Mauna Loa",19.536010,-155.576750,"United States of America"
us_hawaii_nahuku,"US Hawaii Nahuku",19.415187,-155.238383,"United States of America"
us_hawaii_palamanui,"US Hawaii Palamanui",19.742300,-156.011500,"United States of America"
us_hawaii_puu_makaala_natural_area_reserve,"US Hawaii Puu Makaala Natural Area Reserve",19.553090,-155.317310,"United States of America"
us_hawaii_waahila_ridge,"US Hawaii Waahila Ridge",21.301700,-157.815200,"United States of America"
us_hawaii_waialea_firewise_community,"US Hawaii Waialea Firewise Community",19.976600,-155.829800,"United States of America"
us_hawaii_waianae_mountain_range,"US Hawaii Waianae Mountain Range",21.370000,-158.170000,"United States of America"
us_idaho_ars_great_basin_ltar_arar8_community_reynolds_creek,"US Idaho ARS Great Basin LTAR ARAR8 community Reynolds Creek",43.143200,-116.735700,"United States of America"
us_idaho_genesee_onfarm_site_zone_1,"US Idaho Genesee On-farm site Zone 1",46.500800,-116.806800,"United States of America"
us_idaho_genesee_onfarm_site_zone_2,"US Idaho Genesee On-farm site Zone 2",46.497800,-116.804700,"United States of America"
us_idaho_genesee_onfarm_site_zone_3,"US Idaho Genesee On-farm site Zone 3",46.494900,-116.801900,"United States of America"
us_idaho_id_arco_17_sw,"US Idaho Arco 17 SW",43.462100,-113.556000,"United States of America"
us_idaho_id_murphy_10_w,"US Idaho Murphy 10 W",43.204400,-116.750500,"United States of America"
us_idaho_malta,"US Idaho Malta",42.496400,-113.416600,"United States of America"
us_idaho_moscow_mountain_on_farm,"US Idaho Moscow Mountain on farm",46.758000,-116.949000,"United States of America"
us_idaho_rcew_low_sagebrush,"US Idaho RCEW Low Sagebrush",43.143900,-116.735600,"United States of America"
us_idaho_rcew_mountain_big_sagebrush,"US Idaho RCEW Mountain Big Sagebrush",43.064500,-116.748600,"United States of America"
us_idaho_rcew_reynolds_mountain_east,"US Idaho RCEW Reynolds Mountain East",43.065347,-116.759102,"United States of America"
us_idaho_rcew_upper_sheep_prescibed_fire,"US Idaho RCEW Upper Sheep Prescibed Fire",43.120711,-116.723086,"United States of America"
us_idaho_rexburg,"US Idaho Rexburg",43.820110,-111.783010,"United States of America"
us_idaho_reynolds_creek_wyoming_big_sagebrush,"US Idaho Reynolds Creek Wyoming big sagebrush",43.167500,-116.713200,"United States of America"
us_idaho_rimrock,"US Idaho Rimrock",46.487500,-116.991667,"United States of America"
us_idaho_twrs,"US Idaho TWRS",45.103582,-114.849910,"United States of America"
us_illinois_argonne_testbed_for_multiscale_observational_science,"Argonne Testbed for Multiscale Observational Science (ATMOS)",41.701800,-87.996300,"United States"
us_illinois_bondville,"US Illinois Bondville",40.006200,-88.290400,"United States of America"
us_illinois_bondville_2,"US Illinois BONDVILLE",40.053330,-88.371940,"United States of America"
us_illinois_bondville_companion_site,"US Illinois Bondville companion site",40.009000,-88.290000,"United States of America"
us_illinois_bondville_surfrad,"US Illinois Bondville SURFRAD",40.051920,-88.373090,"United States of America"
us_illinois_dunning,"US Illinois Dunning",41.948677,-87.795361,"United States of America"
us_illinois_fermi_agricultural,"US Illinois Fermi Agricultural",41.859300,-88.222733,"United States of America"
us_illinois_fermi_prairie,"US Illinois Fermi Prairie",41.840617,-88.241033,"United States of America"
us_illinois_il_champaign_9_sw,"US Illinois Champaign 9 SW",40.052800,-88.372900,"United States of America"
us_illinois_il_shabbona_5_nne,"US Illinois Shabbona 5 NNE",41.843000,-88.851300,"United States of America"
us_illinois_maize_soy_2,"US Illinois Maize-Soy 2",40.062900,-88.200900,"United States of America"
us_illinois_sorghum_soy,"US Illinois Sorghum Soy",40.062900,-88.203300,"United States of America"
us_illinois_uief_maize,"US Illinois UIEF Maize",40.062822,-88.196128,"United States of America"
us_illinois_uief_miscanthus,"US Illinois UIEF Miscanthus",40.062810,-88.198428,"United States of America"
us_illinois_university_energy_farm_sorghum,"US Illinois University Energy Farm sorghum",40.006500,-88.203200,"United States of America"
us_illinois_university_illinois_maize_soy,"US Illinois University of Illinois Maize-Soy",40.064722,-88.198333,"United States of America"
us_illinois_university_miscanthus_2,"US Illinois University Miscanthus 2",40.066500,-88.201500,"United States of America"
us_illinois_university_of_illinois_switchgrass,"University of Illinois Switchgrass",40.064600,-88.196100,"United States"
us_indiana_agricultural_site_indianapolis_E_site14a,"US Indiana INFLUX Agricultural Site Indianapolis E Site-14a",39.946800,-86.788000,"United States of America"
us_indiana_agricultural_site_indianapolis_E_site14b,"US Indiana INFLUX Agricultural Site Indianapolis E Site-14b",39.947700,-86.782100,"United States of America"
us_indiana_agricultural_site_indianapolis_W_site9a,"US Indiana INFLUX Agricultural Site Indianapolis W Site-9a",39.816700,-85.700500,"United States of America"
us_indiana_agricultural_site_indianapolis_W_site9b,"US Indiana INFLUX Agricultural Site Indianapolis W Site-9b",39.876600,-85.706600,"United States of America"
us_indiana_bayles_road_grassland_tower,"US Indiana Bayles Road Grassland Tower",39.216700,-86.540600,"United States of America"
us_indiana_in_bedford_5_wnw,"US Indiana Bedford 5 WNW",38.888200,-86.570700,"United States of America"
us_indiana_influx_agricultural_site_pittsboro_E,"US Indiana INFLUX Agricultural Site Pittsboro E",39.864500,-86.500500,"United States of America"
us_indiana_influx_agricultural_site_pittsboro_W,"US Indiana INFLUX Agricultural Site Pittsboro W",39.863200,-86.508300,"United States of America"
us_indiana_influx_cemetery_turfgrass_tower,"US Indiana INFLUX Cemetery Turfgrass Tower",39.827300,-86.179000,"United States of America"
us_indiana_influx_downtown_indianapolis_site3,"US Indiana INFLUX Downtown Indianapolis Site-3",39.783300,-86.165200,"United States of America"
us_indiana_influx_east_21st_st_site2,"US Indiana INFLUX East 21st St Site 2",39.797800,-86.018300,"United States of America"
us_indiana_influx_golf_course,"US Indiana INFLUX Golf Course",39.870600,-86.002400,"United States of America"
us_indiana_lilly_dickey_woods,"US Indiana Lilly Dickey Woods",39.235900,-86.218100,"United States of America"
us_indiana_ltar_eastern_corn_belt_tower_2_hamilton,"US Indiana LTAR Eastern Corn Belt, Tower 2, Hamilton",41.532100,-84.808000,"United States of America"
us_indiana_morgan_monroe_state_forest,"US Indiana Morgan Monroe State Forest",39.323150,-86.413139,"United States of America"
us_indiana_wayne_twp_comm_site7,"US Indiana INFLUX Wayne Twp Comm Site-7",39.773900,-86.272400,"United States of America"
us_iowa_ames,"US Iowa Ames",42.021361,-93.774778,"United States of America"
us_iowa_brooks_field_site_10,"US Iowa Brooks Field Site 10",41.691481,-93.691386,"United States of America"
us_iowa_brooks_field_site_1011,"US Iowa Brooks Field Site 1011",41.975653,-93.692519,"United States of America"
us_iowa_brooks_field_site_10_ames,"US Iowa Brooks Field Site 10 Ames",41.974900,-93.690600,"United States of America"
us_iowa_brooks_field_site_11_ames,"US Iowa Brooks Field Site 11 Ames",41.974700,-93.693600,"United States of America"
us_iowa_coles_farm_north_field_williams,"US Iowa Coles farm north field Williams",42.488400,-93.522500,"United States of America"
us_iowa_coles_farm_south_field_williams,"US Iowa Coles farm south field Williams",42.481600,-93.523500,"United States of America"
us_iowa_grand_river_grasslands,"US Iowa Grand River Grasslands",40.695873,-94.090862,"United States of America"
us_iowa_ia_des_moines_17_e,"US Iowa Des Moines 17 E",41.556200,-93.285500,"United States of America"
us_iowa_neal_smith_prairie,"US Iowa Neal Smith Prairie",41.557881,-93.296186,"United States of America"
us_kansas_ashbottoms,"US Kansas Ashbottoms",38.866800,-96.902800,"United States of America"
us_kansas_e34_maple_city_ok,"US Kansas E34 Maple City",37.069400,-96.760600,"United States of America"
us_kansas_kansas_field_station,"US Kansas Field Station",39.056100,-95.190700,"United States of America"
us_kansas_kansas_land_institute,"US Kansas Land Institute",38.774500,-97.568400,"United States of America"
us_kansas_kings_creek,"US Kansas Kings Creek",39.105060,-96.603360,"United States of America"
us_kansas_konza_edc,"US Kansas KONZA EDC",39.102328,-96.609600,"United States of America"
us_kansas_konza_prairie_biological_station,"US Kansas Konza Prairie Biological Station",39.110440,-96.612950,"United States of America"
us_kansas_konza_prairie_lter_4b,"US Kansas Konza Prairie LTER 4B",39.074500,-96.595100,"United States of America"
us_kansas_konza_prairie_lter_knz,"US Kansas Konza Prairie LTER KNZ",39.082400,-96.560300,"United States of America"
us_kansas_ks_manhattan_6_ssw,"US Kansas Manhattan 6 SSW",39.102700,-96.609800,"United States of America"
us_kansas_ks_oakley_19_ssw,"US Kansas Oakley 19 SSW",38.870100,-100.962700,"United States of America"
us_kansas_mcdiffett_creek,"US Kansas McDiffett Creek",38.944280,-96.441970,"United States of America"
us_kansas_neon_konz,"US Kansas NEON KONZ",39.100770,-96.563090,"United States of America"
us_kansas_rannells_ranch_grazed,"US Kansas Rannells Ranch grazed",39.140497,-96.527047,"United States of America"
us_kansas_the_university_of_kansas_field_station,"US Kansas The University of Kansas Field Station",39.040430,-95.192150,"United States of America"
us_kansas_walnut_river_watershed_smileyburg,"US Kansas Walnut River Watershed Smileyburg",37.520800,-96.855000,"United States of America"
us_kentucky_boyd_county_ms,"US Kentucky Boyd County",38.427461,-82.700033,"United States of America"
us_kentucky_improve_mammothcave,"US Kentucky IMPROVE Mammoth Cave",37.131800,-86.147900,"United States of America"
us_kentucky_ky_bowling_green_21_nne,"US Kentucky Bowling Green 21 NNE",37.250400,-86.232500,"United States of America"
us_kentucky_ky_versailles_3_nnw,"US Kentucky Versailles 3 NNW",38.094500,-84.746500,"United States of America"
us_kentucy_mammoth_cave,"US Kentucy Mammoth Cave",37.185833,-86.101944,"United States of America"
us_kentucy_robinson_fire_tower,"US Kentucy Robinson Fire Tower",37.467100,-83.157600,"United States of America"
us_louisiana_barataria_bay_saline_marsh,"US Louisiana Barataria Bay Saline Marsh",29.493600,-89.915300,"United States of America"
us_louisiana_baskin,"US Louisiana Baskin",32.282220,-91.738660,"United States of America"
us_louisiana_caldwell_parish_hs,"US Louisiana Caldwell Parish HS",32.060303,-92.096277,"United States of America"
us_louisiana_la_lafayette_13_se,"US Louisiana Lafayette 13 SE",30.091800,-91.873100,"United States of America"
us_louisiana_la_monroe_26_n,"US Louisiana Monroe 26 N",32.883300,-92.116500,"United States of America"
us_louisiana_lsu,"US Louisiana State University",30.406778,-91.183883,"United States of America"
us_louisiana_pointe_aux_chenes_brackish_marsh,"US Louisiana Pointe aux Chenes Brackish Marsh",29.501300,-90.444900,"United States of America"
us_louisiana_salvador_wma_freshwater_marsh,"US Louisiana Salvador WMA Freshwater Marsh",29.858700,-90.286900,"United States of America"
us_louisiana_ulm_flux_tower,"US Louisiana ULM Flux Tower",32.457000,-91.974300,"United States of America"
us_louisiana_wavecis_site_csi_6,"US Louisiana Wave CIS Site 6",28.866667,-90.483333,"United States of America"
us_maine_acadia,"US Maine Acadia",44.376944,-68.260833,"United States of America"
us_maine_appledore_island,"US Maine Appledore Island",42.987064,-70.615361,"United States of America"
us_maine_argyle,"US Maine Argyle",45.034400,-68.682033,"United States of America"
us_maine_howland2,"US Maine Howland2",45.212800,-68.741800,"United States of America"
us_maine_howland_forest_harvest_site,"US Maine Howland Forest harvest site",45.207200,-68.725000,"United States of America"
us_maine_howland_forest_main,"US Maine Howland Forest Main",45.204100,-68.740200,"United States of America"
us_maine_howland_forest_west_tower,"US Maine Howland Forest west tower",45.209100,-68.747000,"United States of America"
us_maine_me_limestone_4_nnw,"US Maine Limestone 4 NNW",46.960100,-67.883300,"United States of America"
us_maine_me_old_town_2_w,"US Maine Old Town 2 W",44.928100,-68.700600,"United States of America"
us_maine_old_town_high_school,"US Maine Old Town High School",44.934805,-68.665500,"United States of America"
us_maine_wolfes_neck_farm,"US Maine Wolfes Neck Farm",43.830500,-70.071500,"United States of America"
us_maryland_ars_ltar_corn,"US Maryland ARS LTAR Corn",39.030900,-76.844200,"United States of America"
us_maryland_ars_ltar_corn_irrigated,"US Maryland ARS LTAR Corn Irrigated",39.058700,-75.851300,"United States of America"
us_maryland_bes__baltimore_ecosystem_study__bes1,"US Maryland Baltimore Ecosystem Study",39.400280,-76.770280,"United States of America"
us_maryland_burtonsville,"US Maryland Burtonsville",39.093714,-76.949881,"United States of America"
us_maryland_calipso_bowers_rd,"US Maryland Calipso Bowers Rd",39.193347,-75.955397,"United States of America"
us_maryland_calipso_brookview,"US Maryland Calipso Brookview",38.576022,-75.794308,"United States of America"
us_maryland_calipso_church_hill,"US Maryland Calipso Church Hill",39.147466,-75.981717,"United States of America"
us_maryland_calipso_cooper_rd,"US Maryland Calipso Cooper Rd",38.325469,-75.731586,"United States of America"
us_maryland_calipso_crouse_mill,"US Maryland Calipso Crouse Mill",38.958531,-75.951630,"United States of America"
us_maryland_calipso_dean_rd,"US Maryland Calipso Dean Rd",39.002750,-75.957500,"United States of America"
us_maryland_calipso_flat_iron,"US Maryland Calipso Flat Iron",39.110825,-75.998673,"United States of America"
us_maryland_calipso_hillsboro,"US Maryland Calipso Hillsboro",38.915783,-75.939151,"United States of America"
us_maryland_calipso_hillsboro_e,"US Maryland Calipso Hillsboro E",38.916900,-75.932533,"United States of America"
us_maryland_calipso_hurlock,"US Maryland Calipso Hurlock",38.619160,-75.846240,"United States of America"
us_maryland_calipso_kennedyvill,"US Maryland Calipso Kennedyvill",39.305500,-75.991983,"United States of America"
us_maryland_calipso_mardela_spr,"US Maryland Calipso Mardela Spr",38.469083,-75.747950,"United States of America"
us_maryland_calipso_morgnec_rd,"US Maryland Calipso Morgnec Rd",39.235670,-76.030740,"United States of America"
us_maryland_calipso_nuferry_rd,"US Maryland Calipso NU Ferry Rd",38.345570,-75.690760,"United States of America"
us_maryland_calipso_perryville,"US Maryland Calipso Perryville",39.560672,-76.072656,"United States of America"
us_maryland_calipso_pine_cove,"US Maryland Calipso Pine Cove",39.238669,-75.969347,"United States of America"
us_maryland_calipso_price,"US Maryland Calipso Price",39.097367,-75.959017,"United States of America"
us_maryland_calipso_princess_an,"US Maryland Calipso Princess An",38.213220,-75.684890,"United States of America"
us_maryland_calipso_ridgely,"US Maryland Calipso Ridgely",38.948630,-75.881500,"United States of America"
us_maryland_calipso_tuckahoe,"US Maryland Calipso Tuckahoe",38.979173,-75.932939,"United States of America"
us_maryland_calipso_vienna,"US Maryland Calipso Vienna",38.493536,-75.816541,"United States of America"
us_maryland_calipso_w_mardela,"US Maryland Calipso W Mardela",38.460833,-75.774633,"United States of America"
us_maryland_calipso_washtn_high,"US Maryland Calipso Washtn High",38.180050,-75.686733,"United States of America"
us_maryland_calipso_west_denton,"US Maryland Calipso West Denton",38.914961,-75.894331,"United States of America"
us_maryland_calipso_white_marsh,"US Maryland Calipso White Marsh",39.075915,-75.988634,"United States of America"
us_maryland_calipso_willistonlk,"US Maryland Calipso WillistonLk",38.828930,-75.846300,"United States of America"
us_maryland_calipso_wofdenton,"US Maryland Calipso WofDenton",38.898850,-75.862416,"United States of America"
us_maryland_clifton_park,"US Maryland Clifton Park",39.314306,-76.590533,"United States of America"
us_maryland_cub_hill,"US Maryland Cub Hill",39.412800,-76.521500,"United States of America"
us_maryland_dragon_aberd,"US Maryland DRAGON ABERD",39.515103,-76.165230,"United States of America"
us_maryland_dragon_aldino,"US Maryland DRAGON Aldino",39.563433,-76.203932,"United States of America"
us_maryland_dragon_annas,"US Maryland DRAGON ANNAS",38.975248,-76.489498,"United States of America"
us_maryland_dragon_annea,"US Maryland DRAGON ANNEA",39.164700,-76.624700,"United States of America"
us_maryland_dragon_arncc,"US Maryland DRAGON ARNCC",39.158900,-76.720800,"United States of America"
us_maryland_dragon_arnls,"US Maryland DRAGON ARNLS",39.058488,-76.512926,"United States of America"
us_maryland_dragon_bainbridge,"US Maryland DRAGON Bainbridge",39.606044,-76.074122,"United States of America"
us_maryland_dragon_batmr,"US Maryland DRAGON BATMR",39.398913,-76.475550,"United States of America"
us_maryland_dragon_belair,"US Maryland DRAGON BelAir",39.500014,-76.263098,"United States of America"
us_maryland_dragon_blar1,"US Maryland DRAGON BLAR1",39.668668,-76.377555,"United States of America"
us_maryland_dragon_bldnd,"US Maryland DRAGON BLDND",39.258315,-76.519504,"United States of America"
us_maryland_dragon_bllrt,"US Maryland DRAGON BLLRT",39.389385,-76.578242,"United States of America"
us_maryland_dragon_bltcc,"US Maryland DRAGON BLTCC",39.362201,-76.688429,"United States of America"
us_maryland_dragon_bltim,"US Maryland DRAGON BLTIM",39.263145,-76.651066,"United States of America"
us_maryland_dragon_bltnr,"US Maryland DRAGON BLTNR",39.215600,-76.618600,"United States of America"
us_maryland_dragon_bowem,"US Maryland DRAGON BOWEM",38.974700,-76.750600,"United States of America"
us_maryland_dragon_btmdl,"US Maryland DRAGON BTMDL",39.238826,-76.441601,"United States of America"
us_maryland_dragon_chase,"US Maryland DRAGON CHASE",38.978612,-77.080002,"United States of America"
us_maryland_dragon_clksv,"US Maryland DRAGON CLKSV",39.191100,-76.924700,"United States of America"
us_maryland_dragon_cllgp,"US Maryland DRAGON CLLGP",38.991100,-76.908600,"United States of America"
us_maryland_dragon_clrst,"US Maryland DRAGON CLRST",39.205410,-76.944450,"United States of America"
us_maryland_dragon_cpsdn,"US Maryland DRAGON CPSDN",39.110656,-76.462915,"United States of America"
us_maryland_dragon_ctnvl,"US Maryland DRAGON CTNVL",39.275833,-76.771944,"United States of America"
us_maryland_dragon_edcms,"US Maryland DRAGON EDCMS",38.922218,-76.560012,"United States of America"
us_maryland_dragon_edgewood,"US Maryland DRAGON Edgewood",39.409834,-76.296352,"United States of America"
us_maryland_dragon_ellct,"US Maryland DRAGON ELLCT",39.266100,-76.861603,"United States of America"
us_maryland_dragon_essex,"US Maryland DRAGON Essex",39.310943,-76.474486,"United States of America"
us_maryland_dragon_fairhill,"US Maryland DRAGON Fair Hill",39.701435,-75.860059,"United States of America"
us_maryland_dragon_fllst,"US Maryland DRAGON FLLST",39.522366,-76.413318,"United States of America"
us_maryland_dragon_kentisland,"US Maryland DRAGON Kent Island",38.979300,-76.307864,"United States of America"
us_maryland_dragon_laumd,"US Maryland DRAGON LAUMD",39.142800,-76.859200,"United States of America"
us_maryland_dragon_mlrvl,"US Maryland DRAGON MLRVL",39.065027,-76.606930,"United States of America"
us_maryland_dragon_mnktn,"US Maryland DRAGON MNKTN",39.572926,-76.652318,"United States of America"
us_maryland_dragon_olnes,"US Maryland DRAGON OLNES",39.149148,-77.068267,"United States of America"
us_maryland_dragon_onngs,"US Maryland DRAGON ONNGS",39.387756,-76.819120,"United States of America"
us_maryland_dragon_padonia,"US Maryland DRAGON Padonia",39.462036,-76.631669,"United States of America"
us_maryland_dragon_pasadena,"US Maryland DRAGON Pasadena",39.111638,-76.455440,"United States of America"
us_maryland_dragon_patux,"US Maryland DRAGON PATUX",38.827168,-76.709380,"United States of America"
us_maryland_dragon_pineyorchard,"US Maryland DRAGON Piney Orchard",39.060781,-76.719202,"United States of America"
us_maryland_dragon_pylesville,"US Maryland DRAGON Pylesville",39.675150,-76.405349,"United States of America"
us_maryland_dragon_rckmd,"US Maryland DRAGON RCKMD",39.065560,-77.096220,"United States of America"
us_maryland_dragon_shady,"US Maryland DRAGON SHADY",38.840658,-76.506108,"United States of America"
us_maryland_dragon_spbrk,"US Maryland DRAGON SPBRK",39.058100,-77.005800,"United States of America"
us_maryland_dragon_tkmpr,"US Maryland DRAGON TKMPR",38.995278,-76.997222,"United States of America"
us_maryland_dragon_umrlb,"US Maryland DRAGON UMRLB",38.891262,-76.814106,"United States of America"
us_maryland_dragon_worton,"US Maryland DRAGON Worton",39.285436,-76.091633,"United States of America"
us_maryland_dragon_wstfd,"US Maryland DRAGON WSTFD",39.301577,-76.946248,"United States of America"
us_maryland_easton_airport,"US Maryland Easton Airport",38.807450,-76.072570,"United States of America"
us_maryland_easton_mde,"US Maryland Easton MDE",38.794972,-76.084250,"United States of America"
us_maryland_frederick_douglas,"US Maryland Frederick Douglas",39.315484,-76.654572,"United States of America"
us_maryland_gaithersburg,"US Maryland Gaithersburg",39.133335,-77.208336,"United States of America"
us_maryland_green_ridge_state_forest,"US Maryland Green Ridge State Forest",39.690500,-78.406700,"United States of America"
us_maryland_gsfc,"US Maryland GSFC",38.992500,-76.839833,"United States of America"
us_maryland_hagerstown,"US Maryland Hagerstown",39.708332,-77.724998,"United States of America"
us_maryland_hamilton_el_ms,"US Maryland Hamilton El MS",39.358986,-76.558236,"United States of America"
us_maryland_influx_montgomery_pasture_site,"US Maryland INFLUX Montgomery Pasture Site",39.195500,-77.450900,"United States of America"
us_maryland_influx_nist_turfgrass_site,"US Maryland INFLUX NIST Turfgrass Site",39.138900,-77.217500,"United States of America"
us_maryland_jackson_lane_natural,"US Maryland Jackson Lane natural",39.057400,-75.753100,"United States of America"
us_maryland_jackson_lane_restored,"US Maryland Jackson Lane restored",39.054300,-75.753100,"United States of America"
us_maryland_jug_bay,"US Maryland Jug Bay",38.766666,-76.778099,"United States of America"
us_maryland_lakeland_el_ms,"US Maryland Lakeland El MS",39.254146,-76.645314,"United States of America"
us_maryland_lansdowne_hs,"US Maryland Lansdowne HS",39.245066,-76.648472,"United States of America"
us_maryland_ltar_ope3,"US Maryland LTAR OPE3",39.029300,-76.845700,"United States of America"
us_maryland_md_science_center,"US Maryland Science Center",39.283333,-76.616667,"United States of America"
us_maryland_mt_royal_es_ms,"US Maryland Mt Royal ES MS",39.309093,-76.625087,"United States of America"
us_maryland_mt_washington_es,"US Maryland Mt Washington ES",39.366310,-76.654590,"United States of America"
us_maryland_nist_forest,"US Maryland NIST Forest",39.139000,-77.212500,"United States of America"
us_maryland_patapsco_ms,"US Maryland Patapsco MS",39.303046,-76.847241,"United States of America"
us_maryland_prior_converted_wetland_corn_soybean_rotation,"US Maryland Prior Converted Wetland corn soybean rotation",39.066700,-75.760900,"United States of America"
us_maryland_robert_poole_ms,"US Maryland Robert Poole MS",39.330410,-76.637520,"United States of America"
us_maryland_rockville,"US Maryland Rockville",39.056085,-77.129582,"United States of America"
us_maryland_sigma_space_corp,"US Maryland Sigma Space Corp",38.953000,-76.836470,"United States of America"
us_maryland_smith_island_cbf,"US Maryland Smith Island CBF",37.969183,-76.023850,"United States of America"
us_maryland_smithsonian_research_center_serc,"US Maryland Smithsonian Research Center SERC",38.889978,-76.559883,"United States of America"
us_maryland_southeast_ms,"US Maryland Southeast MS",39.284685,-76.530643,"United States of America"
us_maryland_st_timothys_lane,"US Maryland St Timothys Lane",39.272724,-76.728612,"United States of America"
us_maryland_sugarcone,"US Maryland Sugarcone",39.384722,-76.685833,"United States of America"
us_maryland_talmudical_academy,"US Maryland Talmudical Academy",39.369406,-76.746190,"United States of America"
us_maryland_umbc,"US Maryland UMBC",39.254628,-76.709353,"United States of America"
us_maryland_usda,"US Maryland USDA",39.029999,-76.879997,"United States of America"
us_maryland_usda_barc,"US Maryland USDA BARC",39.031270,-76.932180,"United States of America"
us_maryland_usda_howard,"US Maryland USDA Howard",39.054200,-76.877500,"United States of America"
us_maryland_windsor_corp_park,"US Maryland Windsor Corp Park",39.326500,-76.754500,"United States of America"
us_maryland_worthington_es,"US Maryland Worthington ES",39.244536,-76.792985,"United States of America"
us_massachusetts_arm_barnstable_ma,"US Massachusetts ARM Barnstable",41.669589,-70.290061,"United States of America"
us_massachusetts_arm_highlands_ma,"US Massachusetts ARM Highlands",42.030478,-70.049317,"United States of America"
us_massachusetts_ashburnham,"US Massachusetts Ashburnham",42.602900,-71.926000,"United States of America"
us_massachusetts_austin_prep,"US Massachusetts Austin Prep",42.530400,-71.127200,"United States of America"
us_massachusetts_barnstable_great_marsh,"US Massachusetts Barnstable Great Marsh",41.729700,-70.364400,"United States of America"
us_massachusetts_billerica,"US Massachusetts Billerica",42.528347,-71.268619,"United States of America"
us_massachusetts_boston_common,"US Massachusetts Boston Common",42.355912,-71.064145,"United States of America"
us_massachusetts_boston_university,"US Massachusetts Boston University",42.350410,-71.104380,"United States of America"
us_massachusetts_harvard_barn,"US Massachusetts Harvard Barn",42.535320,-72.189900,"United States of America"
us_massachusetts_harvard_bbc1,"US Massachusetts Harvard BBC1",42.535080,-72.174359,"United States of America"
us_massachusetts_harvard_bbc3,"US Massachusetts Harvard BBC3",42.535562,-72.189570,"United States of America"
us_massachusetts_harvard_farm_north,"US Massachusetts Harvard Farm North",42.520465,-72.182242,"United States of America"
us_massachusetts_harvard_farm_south,"US Massachusetts Harvard Farm South",42.522466,-72.182339,"United States of America"
us_massachusetts_harvard_forest,"US Massachusetts Harvard Forest",42.537756,-72.171478,"United States of America"
us_massachusetts_harvard_forest_2,"US Massachusetts Harvard Forest",42.538800,-72.175500,"United States of America"
us_massachusetts_harvard_forest_hemlock,"US Massachusetts Harvard Forest Hemlock",42.539333,-72.177944,"United States of America"
us_massachusetts_harvard_forest_neon,"US Massachusetts Harvard Forest NEON",42.536900,-72.172660,"United States of America"
us_massachusetts_harvard_garden,"US Massachusetts Harvard Garden",42.529100,-72.186300,"United States of America"
us_massachusetts_herring_river_phragmites,"US Massachusetts Herring River Phragmites",41.938000,-70.055200,"United States of America"
us_massachusetts_little_prospect_hill,"US Massachusetts Little Prospect Hill",42.541861,-72.184964,"United States of America"
us_massachusetts_lower_hop_brook,"US Massachusetts Lower Hop Brook",42.471790,-72.329630,"United States of America"
us_massachusetts_macleish,"US Massachusetts MacLeish",42.448400,-72.680400,"United States of America"
us_massachusetts_mvco,"US Massachusetts MVCO",41.325000,-70.566700,"United States of America"
us_massachusetts_north_attleboro,"US Massachusetts North Attleboro",41.983690,-71.310560,"United States of America"
us_massachusetts_petersham,"US Massachusetts Petersham",42.532000,-72.188000,"United States of America"
us_massachusetts_plum_island_high_marsh,"US Massachusetts Plum Island High Marsh",42.742300,-70.830100,"United States of America"
us_massachusetts_plum_island_low_marsh,"US Massachusetts Plum Island Low Marsh",42.734463,-70.838231,"United States of America"
us_massachusetts_plum_island_oligohaline_marsh,"US Massachusetts Plum Island Oligohaline Marsh",42.749600,-70.915700,"United States of America"
us_massachusetts_springfield_academy,"US Massachusetts Springfield Academy",42.135162,-72.585972,"United States of America"
us_massachusetts_tidmarsh_west_beaver_dam_road,"US Massachusetts Tidmarsh West Beaver Dam Road",41.915700,-70.575400,"United States of America"
us_massachusetts_woods_hole_falmouth,"US Massachusetts Woods Hole Falmouth",41.549500,-70.643200,"United States of America"
us_massachusetts_worcester_state,"US Massachusetts Worcester State",42.269700,-71.842800,"United States of America"
us_michigan_allegan_wetland,"US Michigan Allegan Wetland",42.668900,-86.022900,"United States of America"
us_michigan_battle_creek_area_mathematics_and_science_center,"US Michigan Battle Creek Area Mathematics and Science Center",42.322800,-85.187100,"United States of America"
us_michigan_douglas_lake,"US Michigan Douglas Lake",45.568600,-84.670700,"United States of America"
us_michigan_granite_island,"Granite Island",46.716700,-87.400000,"United States"
us_michigan_jackson_agricultural_field,"US Michigan Jackson Agricultural Field",42.214300,-84.853900,"United States of America"
us_michigan_kbs_lux_arbor_reserve_corn,"US Michigan KBS Lux Arbor Reserve Corn",42.484700,-85.442200,"United States of America"
us_michigan_kbs_lux_arbor_reserve_prairie,"US Michigan KBS Lux Arbor Reserve Prairie",42.473600,-85.447400,"United States of America"
us_michigan_kbs_lux_arbor_reserve_switchgrass,"US Michigan KBS Lux Arbor Reserve Switchgrass",42.476700,-85.446700,"United States of America"
us_michigan_kbs_marshall_farms_corn,"US Michigan KBS Marshall Farms Corn",42.437600,-85.328800,"United States of America"
us_michigan_kbs_marshall_farms_prairie,"US Michigan KBS Marshall Farms Prairie",42.444000,-85.310400,"United States of America"
us_michigan_kbs_marshall_farms_smooth_brome_grass,"US Michigan KBS Marshall Farms Smooth Brome Grass",42.442300,-85.330100,"United States of America"
us_michigan_kbs_marshall_farms_switchgrass,"US Michigan KBS Marshall Farms Switchgrass",42.444000,-85.309800,"United States of America"
us_michigan_kbs_marshall_farms_switchgrass2,"US Michigan KBS Marshall Farms Switchgrass",42.446351,-85.310525,"United States of America"
us_michigan_kellogg_corn,"US Michigan Kellogg Corn",42.437536,-85.322547,"United States of America"
us_michigan_kellogg_corn_soy2,"US Michigan Kellogg Corn Soy2",42.395760,-85.374250,"United States of America"
us_michigan_kellogg_experimental_forest,"US Michigan Kellogg Experimental Forest",42.366000,-85.352600,"United States of America"
us_michigan_kellogg_lter,"US Michigan Kellogg LTER",42.407983,-85.371717,"United States of America"
us_michigan_kellogg_miscanthus,"US Michigan Kellogg Miscanthus",42.395280,-85.375610,"United States of America"
us_michigan_kellogg_old_field,"US Michigan Kellogg Old Field",42.396010,-85.374560,"United States of America"
us_michigan_low_density_apple_orchard,"Low Density Apple Orchard",43.251300,-85.764800,"United States"
us_michigan_mi_chatham_1_se,"US Michigan Chatham 1 SE",46.334500,-86.920000,"United States of America"
us_michigan_mi_gaylord_9_ssw,"US Michigan Gaylord 9 SSW",44.908000,-84.720300,"United States of America"
us_michigan_michigan_big_woods,"US Michigan Michigan Big Woods",42.466700,-84.000000,"United States of America"
us_michigan_northern_michigan_jack_pine,"US Michigan Northern Michigan Jack Pine",46.646500,-88.519400,"United States of America"
us_michigan_sanford,"US Michigan Sanford",42.726777,-84.464482,"United States of America"
us_michigan_stannard_rock,"US Michigan Stannard Rock",47.183500,-87.225100,"United States of America"
us_michigan_state_university_campus_site_spartans,"US Michigan State University Campus Site Spartans",42.729300,-84.473700,"United States of America"
us_michigan_sylvania_wilderness,"US Michigan Sylvania Wilderness",46.242017,-89.347650,"United States of America"
us_michigan_univ_of_mich_biological_station,"US Michigan Univ of Mich Biological Station",45.559840,-84.713820,"United States of America"
us_michigan_univ_of_mich_biological_station_disturbance,"US Michigan Univ of Mich Biological Station Disturbance",45.562500,-84.697500,"United States of America"
us_minnesota_ars_morris_ltar_north,"US Minnesota ARS Morris LTAR North",45.627000,-96.127000,"United States of America"
us_minnesota_ars_morris_ltar_south,"US Minnesota ARS Morris LTAR South",45.616700,-96.126900,"United States of America"
us_minnesota_ars_swan_lake,"US Minnesota ARS Swan Lake",45.684508,-95.799703,"United States of America"
us_minnesota_bangtail_bozeman,"US Minnesota Bangtail Bozeman",45.783056,-110.777778,"United States of America"
us_minnesota_boundary_waters,"US Minnesota Boundary Waters",47.946702,-91.495506,"United States of America"
us_minnesota_cdr_cedar_creek_natural_history_area__cdr1,"US Minnesota CDR Cedar Creek Natural History Area",45.400930,-93.201370,"United States of America"
us_minnesota_kcmp_tall_tower,"US Minnesota KCMP Tall Tower",44.688611,-93.072778,"United States of America"
us_minnesota_kuom_tower,"US Minnesota KUOM tower",44.998397,-93.188355,"United States of America"
us_minnesota_kuom_turfgrass_field,"US Minnesota KUOM Turfgrass Field",44.994989,-93.186280,"United States of America"
us_minnesota_macalester_ordway_field_station,"US Minnesota Macalester Ordway Field Station",44.810600,-93.027200,"United States of America"
us_minnesota_marcell_bog_lake_peatland,"US Minnesota Marcell Bog Lake Peatland",47.505100,-93.489300,"United States of America"
us_minnesota_marcell_experimental_forest,"US Minnesota Marcell Experimental Forest",47.513900,-93.469250,"United States of America"
us_minnesota_mn_goodridge_12_nnw,"US Minnesota Goodridge 12 NNW",48.305500,-95.874400,"United States of America"
us_minnesota_mn_sandstone_6_w,"US Minnesota Sandstone 6 W",46.113500,-92.993600,"United States of America"
us_minnesota_morris_corn-soybean_conventional_tillage,"Morris: Corn-Soybean, Conventional Tillage",45.609100,-96.126500,"United States"
us_minnesota_rosemount_c7,"US Minnesota Rosemount C7",44.728790,-93.088854,"United States of America"
us_minnesota_rosemount_g19,"US Minnesota Rosemount G19",44.721700,-93.089300,"United States of America"
us_minnesota_rosemount_g21,"US Minnesota Rosemount G21",44.714300,-93.089800,"United States of America"
us_minnesota_rosemount_i18_north,"US Minnesota Rosemount I18_North",44.694600,-93.057800,"United States of America"
us_minnesota_rosemount_i18_south,"US Minnesota Rosemount I18_South",44.691000,-93.057600,"United States of America"
us_minnesota_rosemount_prairie,"US Minnesota Rosemount Prairie",44.678100,-93.072300,"United States of America"
us_minnesota_snake_river,"US Minnesota Snake River",46.120556,-93.244670,"United States of America"
us_minnesota_spruce_a0emi,"US Minnesota SPRUCE A0EMI",47.504900,-93.454100,"United States of America"
us_minnesota_spruce_a0p21sh,"US Minnesota SPRUCE A0P21SH",47.506250,-93.452750,"United States of America"
us_minnesota_spruce_t2p20,"US Minnesota SPRUCE T2P20",47.506400,-93.453200,"United States of America"
us_mississippi_goodwin_creek,"US Mississippi Goodwin Creek",34.254700,-89.873500,"United States of America"
us_mississippi_leland_hs,"US Mississippi Leland HS",33.402128,-90.892850,"United States of America"
us_mississippi_ms_holly_springs_4_n,"US Mississippi Holly Springs 4 N",34.822300,-89.434800,"United States of America"
us_mississippi_ms_newton_5_ene,"US Mississippi Newton 5 ENE",32.337800,-89.070300,"United States of America"
us_mississippi_stennis,"US Mississippi Stennis",30.368014,-89.616667,"United States of America"
us_missouri_bull_shoals,"US Missouri Bull Shoals",36.562833,-93.066630,"United States of America"
us_missouri_coleman_cattle_farm,"Coleman Cattle Farm",38.740000,-94.390000,"United States"
us_missouri_goodwater,"US Missouri Goodwater",39.228480,-92.119360,"United States of America"
us_missouri_goodwater_creek_experimental_watershed_bau_ltar_cmrb,"US Missouri Goodwater Creek Experimental Watershed BAU LTAR CMRB",39.139300,-92.896800,"United States of America"
us_missouri_homestead_springs_farm_and_research_station,"US Missouri Homestead Springs Farm and Research Station",37.200900,-92.993700,"United States of America"
us_missouri_ltar_cmrb_field1_asp,"US Missouri LTAR CMRB Field 1 ASP",39.229800,-92.116700,"United States of America"
us_missouri_ltar_cmrb_field_3,"US Missouri LTAR CMRB Field 3",39.231100,-92.149700,"United States of America"
us_missouri_ltar_cmrb_field_3,"LTAR CMRB Field 3 (CMRB BAU)",39.232200,-92.149300,"United States"
us_missouri_ltar_cmrb_tucker_prairie,"US Missouri LTAR CMRB Tucker Prairie",38.948800,-91.994500,"United States of America"
us_missouri_mingo,"US Missouri Mingo",36.971700,-90.143200,"United States of America"
us_missouri_missouri_ozark,"US Missouri Ozark",38.744110,-92.200009,"United States of America"
us_missouri_mo_joplin_24_n,"US Missouri Joplin 24 N",37.427700,-94.582900,"United States of America"
us_missouri_mo_salem_10_w,"US Missouri Salem 10 W",37.634400,-91.722600,"United States of America"
us_missouri_moreau_river_basin_organic_farm,"US Missouri Moreau River Basin USDA Certified Organic Farm",38.504800,-92.248700,"United States of America"
us_missouri_st_louis_university,"US Missouri St Louis University",38.636342,-90.231552,"United States of America"
us_missouri_tyson_research_center,"US Missouri Tyson Research Center",38.517800,-90.557500,"United States of America"
us_montana_bitteroot_valley,"US Montana Bitteroot Valley",46.507000,-114.091000,"United States of America"
us_montana_bozeman,"US Montana Bozeman",45.662204,-111.045013,"United States of America"
us_montana_butte,"US Montana Butte",45.953040,-112.479640,"United States of America"
us_montana_creston_pivotirrigated_spring_wheat,"US Montana Creston Pivot-irrigated Spring Wheat",48.187280,-114.154800,"United States of America"
us_montana_creston_pivotirrigated_spring_wheat2,"US Montana Creston Pivot-irrigated Spring Wheat 2",48.180190,-114.205100,"United States of America"
us_montana_fort_peck,"US Montana Fort Peck",48.307700,-105.101900,"United States of America"
us_montana_gates_of_mountains,"US Montana Gates of Mountains",46.826200,-111.710700,"United States of America"
us_montana_hq_glacier_national_park_west_glacier,"US Montana HQ Glacier National Park West Glacier",48.501384,-113.986352,"United States of America"
us_montana_huntley_irrigated_barley1,"US Montana Huntley Irrigated Barley Site 1",45.920610,-108.241400,"United States of America"
us_montana_huntley_irrigated_barley2,"US Montana Huntley Irrigated Barley Site 2",45.969930,-108.197800,"United States of America"
us_montana_judith_basin_summer_fallow_field,"US Montana Judith Basin summer fallow field",46.995700,-109.629500,"United States of America"
us_montana_judith_basin_wheat_field,"US Montana Judith Basin wheat field",46.994800,-109.613800,"United States of America"
us_montana_lodgepole_forest,"US Montana Lodgepole Forest",46.952248,-110.885272,"United States of America"
us_montana_lolo,"US Montana Lolo",47.020187,-113.128323,"United States of America"
us_montana_missoula,"US Montana Missoula",46.916668,-114.083336,"United States of America"
us_montana_mo_chillicothe_22_ene,"US Montana Chillicothe 22 ENE",39.866800,-93.147000,"United States of America"
us_montana_mpg_ranch_rangeland_restoration,"US Montana MPG Ranch Rangeland Restoration",46.699600,-114.035300,"United States of America"
us_montana_mt_dillon_18_wsw,"US Montana Dillon 18 WSW",45.158000,-113.005700,"United States of America"
us_montana_mt_lewistown_42_wsw,"US Montana Lewistown 42 WSW",46.884700,-110.289500,"United States of America"
us_montana_mt_st_mary_1_ssw,"US Montana St Mary 1 SSW",48.741200,-113.433000,"United States of America"
us_montana_mt_wolf_point_29_ene,"US Montana Wolf Point 29 ENE",48.308200,-105.101800,"United States of America"
us_montana_mt_wolf_point_34_ne,"US Montana Wolf Point 34 NE",48.488700,-105.209600,"United States of America"
us_montana_riparian_meadow,"US Montana Riparian Meadow",46.945375,-110.887245,"United States of America"
us_montana_sun_river_winter_wheat,"US Montana Sun River Winter Wheat",47.475780,-111.720700,"United States of America"
us_montana_turner_ranch,"US Montana Turner Ranch",45.557100,-111.228600,"United States of America"
us_montana_vaughn_fallow,"US Montana Vaughn Fallow",47.686720,-111.465900,"United States of America"
us_montana_vaughn_wheat,"US Montana Vaughn Wheat",47.672920,-111.488900,"United States of America"
us_nebraska_jackson_estuarine,"US Nebraska Jackson Estuarine",43.092355,-70.861613,"United States of America"
us_nebraska_mead_irrigated,"US Nebraska Mead Irrigated",41.165056,-96.476638,"United States of America"
us_nebraska_mead_irrigated_rotation,"US Nebraska Mead Irrigated Rotation",41.164871,-96.470100,"United States of America"
us_nebraska_mead_pasture,"US Nebraska Mead Pasture",41.144700,-96.461600,"United States of America"
us_nebraska_mead_rainfed,"US Nebraska Mead Rainfed",41.179667,-96.439646,"United States of America"
us_nebraska_ne_harrison_20_sse,"US Nebraska Harrison 20 SSE",42.424800,-103.735800,"United States of America"
us_nebraska_ne_lincoln_11_sw,"US Nebraska Lincoln 11 SW",40.695400,-96.854100,"United States of America"
us_nebraska_ne_lincoln_8_ene,"US Nebraska Lincoln 8 ENE",40.848400,-96.565100,"United States of America"
us_nebraska_ne_whitman_5_ene,"US Nebraska Whitman 5 ENE",42.068000,-101.445000,"United States of America"
us_nebraska_nebraska_sandhills_dry_valley,"US Nebraska Sand Hills Dry Valley",42.069300,-101.407200,"United States of America"
us_nebraska_nine_mile_prairie,"US Nebraska Nine Mile Prairie",40.868019,-96.822081,"United States of America"
us_nebraska_shelton,"US Nebraska Shelton",40.750064,-98.760286,"United States of America"
us_nevada_alkali_lake,"US Nevada Alkali Lake",37.858800,-117.382000,"United States of America"
us_nevada_amargosa_desert_research_site_adrs,"US Nevada Amargosa Desert Research Site ADRS",36.765300,-116.693300,"United States of America"
us_nevada_frenchman_flat,"US Nevada Frenchman Flat",36.809280,-115.934790,"United States of America"
us_nevada_lunar_lake,"US Nevada Lunar Lake",38.390083,-115.988383,"United States of America"
us_nevada_nevcan_montane_west,"US Nevada NevCAN Montane West",38.889800,-114.331400,"United States of America"
us_nevada_nevcan_pinyon_juniper_west,"US Nevada NevCAN Pinyon Juniper West",38.892100,-114.352100,"United States of America"
us_nevada_nevcan_sagebrush_west,"US Nevada NevCAN Sagebrush West",38.925300,-114.408200,"United States of America"
us_nevada_nevcan_subalpine_east,"US Nevada NevCAN Subalpine East",39.009900,-114.309500,"United States of America"
us_nevada_nevcan_subalpine_west,"US Nevada NevCAN Subalpine West",38.906100,-114.308900,"United States of America"
us_nevada_nv_baker_5_w,"US Nevada Baker 5 W",39.011800,-114.209000,"United States of America"
us_nevada_nv_denio_52_wsw,"US Nevada Denio 52 WSW",41.848400,-119.635700,"United States of America"
us_nevada_nv_mercury_3_ssw,"US Nevada Mercury 3 SSW",36.624000,-116.022500,"United States of America"
us_nevada_railroad_valley,"US Nevada Railroad Valley",38.497000,-115.691000,"United States of America"
us_nevada_tonopah_airport,"US Nevada Tonopah Airport",38.050440,-117.090520,"United States of America"
us_nevada_univ_of_nevada_reno,"US Nevada Univ of Nevada-Reno",39.540867,-119.814033,"United States of America"
us_new_mexico_jornada_red_lake_playa,"US New Mexico Jornada Red Lake Playa",32.712300,-106.830300,"United States of America"
us_new_york_lamont_doherty_observatory,"US New York Lamont Doherty Earth Observatory Columbia University",41.003900,-73.905300,"United States of America"
us_newhampshire_appledore_island,"US New Hampshire Appledore Island",42.990100,-70.616100,"United States of America"
us_newhampshire_bartlett_experimental_forest,"US New Hampshire Bartlett Experimental Forest",44.064640,-71.288077,"United States of America"
us_newhampshire_bartlett_experimental_forest_neon,"US New Hampshire Bartlett Experimental Forest",44.063880,-71.287310,"United States of America"
us_newhampshire_harvard_bbc6,"US New Hampshire Harvard BBC6",44.091700,-71.152000,"United States of America"
us_newhampshire_hbr__hubbard_brook_lter__hbr1,"US New Hampshire HBR Hubbard Brook LTER",43.939720,-71.751390,"United States of America"
us_newhampshire_hbr_hubbard_brook_lter_hbr,"US New Hampshire HBR Hubbard Brook LTER",43.939700,-71.718128,"United States of America"
us_newhampshire_hubbard_brook,"US New Hampshire Hubbard Brook",43.943800,-71.701000,"United States of America"
us_newhampshire_hubbard_brook_north,"US New Hampshire Hubbard Brook North",42.958000,-71.776200,"United States of America"
us_newhampshire_hubbard_brook_south,"US New Hampshire Hubbard Brook South",43.926900,-71.740700,"United States of America"
us_newhampshire_kingman_farm,"US New Hampshire Kingman Farm",43.171706,-70.925911,"United States of America"
us_newhampshire_mirror_lake_hubbard_brook,"US New Hampshire Mirror Lake Hubbard Brook Experimental Forest Thornton",43.949600,-71.698400,"United States of America"
us_newhampshire_nh_durham_2_n,"US New Hampshire Durham 2 N",43.171600,-70.927700,"United States of America"
us_newhampshire_nh_durham_2_ssw,"US New Hampshire Durham 2 SSW",43.109200,-70.948400,"United States of America"
us_newhampshire_ossipee_lake,"US New Hampshire Ossipee Lake",43.780900,-71.133000,"United States of America"
us_newhampshire_thompson_farm,"US New Hampshire Thompson Farm",43.108772,-70.948344,"United States of America"
us_newhampshire_thompsonfarm_forest,"US New Hampshire Thompson Farm Forest",43.108444,-70.952250,"United States of America"
us_newhampshire_university_west_edge_parking_lot,"US New Hampshire University West Edge parking lot",43.142100,-70.954400,"United States of America"
us_newjersey_cedar_bridge,"US NewJersey Cedar Bridge",39.837942,-74.379101,"United States of America"
us_newjersey_fort_dix,"US New Jersey Fort Dix",39.971229,-74.434550,"United States of America"
us_newjersey_hawk_property,"US New Jersey Hawk Property",40.769200,-74.085300,"United States of America"
us_newjersey_kolfield,"US New Jersey Kolfield",39.802223,-74.476387,"United States of America"
us_newjersey_marsh_resource_meadowlands_mitigation_bank,"US New Jersey Marsh Resource Meadowlands Mitigation Bank",40.816400,-74.043500,"United States of America"
us_newjersey_sandy_hook,"US New Jersey Sandy Hook",40.448056,-73.993330,"United States of America"
us_newjersey_secaucus_high_school_site,"US New Jersey Secaucus High School Site",40.805200,-74.045700,"United States of America"
us_newjersey_silas_little_experimental_forest,"US New Jersey Silas Little Experimental Forest",39.913754,-74.595985,"United States of America"
us_newmexico_albuquerque,"US New Mexico Albuquerque",35.051672,-106.535836,"United States of America"
us_newmexico_black_grama_grassland_jornada,"US New Mexico Black grama grassland Jornada",32.583300,-106.833300,"United States of America"
us_newmexico_carlsbad,"US New Mexico Carlsbad",32.368833,-104.233167,"United States of America"
us_newmexico_farmington_rsvp,"US New Mexico Farmington RSVP",36.797383,-108.479991,"United States of America"
us_newmexico_grass_recovered_shrubland_jornada,"US New Mexico Grass recovered shrubland Jornada",32.633500,-106.833400,"United States of America"
us_newmexico_heritage_land_conservancy,"US New Mexico Heritage Land Conservancy Pinyon Juniper Woodland",34.438450,-106.237694,"United States of America"
us_newmexico_honey_mesquite_shrubland_jornada,"US New Mexico Honey mesquite shrubland Jornada",32.650200,-106.833400,"United States of America"
us_newmexico_jornada,"US New Mexico Jornada",32.351111,-106.516944,"United States of America"
us_newmexico_jornada_bajada,"US New Mexico Jornada Bajada",32.579920,-106.633793,"United States of America"
us_newmexico_jornada_bajada2,"US New Mexico Jornada Experimental Range Bajada Site",32.581954,-106.635017,"United States of America"
us_newmexico_jornada_ibp,"US New Mexico Jornada IBP",32.589000,-106.847000,"United States of America"
us_newmexico_jornada_lter,"US New Mexico Jornada LTER",32.590680,-106.842540,"United States of America"
us_newmexico_jornada_mixed_shrubland,"US New Mexico Jornada Experimental Range Mixed Shrubland",32.584940,-106.603220,"United States of America"
us_newmexico_jornada_nort,"US New Mexico Jornada Nort",32.619000,-106.788000,"United States of America"
us_newmexico_jornada_nwer,"US New Mexico Jornada NWER",32.627100,-106.738700,"United States of America"
us_newmexico_jornada_sand,"US New Mexico Jornada Sand",32.515000,-106.798000,"United States of America"
us_newmexico_kirtland_afb,"US New Mexico Kirtland AFB",34.950810,-106.507403,"United States of America"
us_newmexico_large_monsoon_rainfall_experiment_sevilleta,"US New Mexico Plot 10 Large Monsoon Rainfall Manipulation Experiment Sevilleta",34.343800,-106.726900,"United States of America"
us_newmexico_los_alamos,"US New Mexico Los Alamos",35.873583,-106.326067,"United States of America"
us_newmexico_nm_artesia_2_wnw,"US New Mexico Artesia 2 WNW",32.854600,-104.456900,"United States of America"
us_newmexico_nm_aztec_43_e,"US New Mexico Aztec 43 E",36.749900,-107.218900,"United States of America"
us_newmexico_nm_carrizozo_1_w,"US New Mexico Carrizozo 1 W",33.647600,-105.894500,"United States of America"
us_newmexico_nm_clayton_3_ene,"US New Mexico Clayton 3 ENE",36.470100,-103.123800,"United States of America"
us_newmexico_nm_clovis_7_n,"US New Mexico Clovis 7 N",34.511900,-103.174400,"United States of America"
us_newmexico_nm_elida_14_sw,"US New Mexico Elida 14 SW",33.807619,-103.843040,"United States of America"
us_newmexico_nm_grants_2_s,"US New Mexico Grants 2 S",35.118800,-107.830300,"United States of America"
us_newmexico_nm_hagerman_10_ese,"US New Mexico Hagerman 10 ESE",33.087500,-104.161700,"United States of America"
us_newmexico_nm_las_cruces_20_n,"US New Mexico Las Cruces 20 N",32.613700,-106.741400,"United States of America"
us_newmexico_nm_las_vegas_6_ne,"US New Mexico Las Vegas 6 NE",35.663259,-105.143164,"United States of America"
us_newmexico_nm_los_alamos_13_w,"US New Mexico Los Alamos 13 W",35.858400,-106.521400,"United States of America"
us_newmexico_nm_mills_6_wsw,"US New Mexico Mills 6 WSW",36.060900,-104.355200,"United States of America"
us_newmexico_nm_nageezi_18_ssw,"US New Mexico Nageezi 18 SSW",36.034600,-107.904500,"United States of America"
us_newmexico_nm_ramah_9_se,"US New Mexico Ramah 9 SE",35.046100,-108.363500,"United States of America"
us_newmexico_nm_raton_26_ese,"US New Mexico Raton 26 ESE",36.777900,-103.981800,"United States of America"
us_newmexico_nm_reserve_1_w,"US New Mexico Reserve 1 W",33.714900,-108.777100,"United States of America"
us_newmexico_nm_santa_fe_20_wnw,"US New Mexico Santa Fe 20 WNW",35.824500,-106.317800,"United States of America"
us_newmexico_nm_socorro_17_wsw,"US New Mexico Socorro 17 WSW",33.979500,-107.187200,"United States of America"
us_newmexico_nm_taos_27_nw,"US New Mexico Taos 27 NW",36.651900,-105.972100,"United States of America"
us_newmexico_nm_vaughn_36_sse,"US New Mexico Vaughn 36 SSE",34.137300,-104.930300,"United States of America"
us_newmexico_sandia_nm_psel,"US New Mexico Sandia PSEL",35.054583,-106.540069,"United States of America"
us_newmexico_sev_sevilleta_lter__sev1,"US New Mexico SEV Sevilleta LTER",34.358680,-106.669300,"United States of America"
us_newmexico_sevilleta,"US New Mexico Sevilleta",34.354721,-106.885002,"United States of America"
us_newmexico_sevilleta_desert_grassland_lter,"US New Mexico Sevilleta Desert Grassland LTER",34.362330,-106.701950,"United States of America"
us_newmexico_sevilleta_desert_shrubland_lter,"US New Mexico Sevilleta Desert Shrubland LTER",34.334944,-106.744167,"United States of America"
us_newmexico_sevilleta_grass,"US New Mexico Sevilleta Grass",34.360444,-106.700186,"United States of America"
us_newmexico_sevilleta_lter_pinon_juniper_rainfall_plot_control,"US New Mexico Sevilleta LTER pinon juniper rainfall plot 15, 16 control",34.385770,-106.528970,"United States of America"
us_newmexico_sevilleta_lter_pinon_juniper_rainfall_plot_drought,"US New Mexico Sevilleta LTER pinon juniper rainfall plots 12,13, 17 drought",34.386760,-106.528370,"United States of America"
us_newmexico_small_monsoon_rainfall_experiment_sevilleta,"US New Mexico Plot 1 Control Small Monsoon Rainfall Manipulation Experiment Sevilleta",34.344200,-106.727200,"United States of America"
us_newmexico_tablelands_juniper_savanna,"US New Mexico Tablelands Juniper Savanna",34.425489,-105.861545,"United States of America"
us_newmexico_taos,"US New Mexico Taos",36.428396,-105.573034,"United States of America"
us_newmexico_unburned_grassland_site_sevilleta_lter,"US New Mexico Unburned Grassland Site Sevilleta LTER",34.358000,-106.679900,"United States of America"
us_newmexico_valles_caldera_mixed_conifer,"US New Mexico Valles Caldera Mixed Conifer",35.888447,-106.532114,"United States of America"
us_newmexico_valles_caldera_ponderosa_pine,"US New Mexico Valles Caldera Ponderosa Pine",35.864231,-106.596664,"United States of America"
us_newmexico_valles_caldera_ponderosa_pine_2,"US New Mexico Valles Caldera Ponderosa Pine",35.862400,-106.597400,"United States of America"
us_newmexico_valles_caldera_sulphur_springs_mixed_conifer,"US New Mexico Valles Caldera Sulphur Springs Mixed Conifer",35.919300,-106.614200,"United States of America"
us_newmexico_white_sands,"US New Mexico White Sands",32.918999,-106.350998,"United States of America"
us_newmexico_white_sands_helstf,"US New Mexico White Sands HELSTF",32.634942,-106.338072,"United States of America"
us_newmexico_wstf,"US New Mexico WSTF",32.506389,-106.608889,"United States of America"
us_newyork_alley_pond_queens,"US New York Alley Pond Queens",40.742843,-73.743035,"United States of America"
us_newyork_arbutus_lake,"US New York Arbutus Lake",43.982070,-74.233220,"United States of America"
us_newyork_arbutus_lake_inlet,"US New York Arbutus Lake Inlet",43.993360,-74.245270,"United States of America"
us_newyork_brookhaven,"US New York Brookhaven",40.866000,-72.884700,"United States of America"
us_newyork_cary_institute,"US New York Cary Institute",41.783900,-73.734100,"United States of America"
us_newyork_ccny,"US NewYork CCNY",40.821313,-73.949036,"United States of America"
us_newyork_fire_tower_black_rock_forest,"US New York Fire Tower, Black Rock Forest",41.397400,-74.023900,"United States of America"
us_newyork_giss,"US New York GISS",40.797700,-73.959900,"United States of America"
us_newyork_goodnow,"US New York Goodnow",43.960180,-74.209940,"United States of America"
us_newyork_huntington_wildlife_forest_newcomb,"US New York Huntington Wildlife Forest Newcomb",43.971050,-74.221840,"United States of America"
us_newyork_huyck_preserve,"US New York Huyck Preserve",42.526600,-74.158700,"United States of America"
us_newyork_intervale,"US New York Intervale",44.273525,-73.949244,"United States of America"
us_newyork_lisco,"US New York LISCO",40.954517,-73.341767,"United States of America"
us_newyork_ny_ithaca_13_e,"US New York Ithaca 13 E",42.440100,-76.246200,"United States of America"
us_newyork_ny_millbrook_3_w,"US New York Millbrook 3 W",41.785700,-73.742200,"United States of America"
us_newyork_upper_onondaga_park,"US New York Upper Onondaga Park",43.023700,-76.165830,"United States of America"
us_nh_moore_fields,"US NH Moore Fields",43.138508,-70.960972,"United States of America"
us_north_dakota_prairie_pothole,"US North Dakota Prairie Pothole",47.129839,-99.253147,"United States of America"
us_northcarolina_appalachian_state,"US North Carolina Appalachian State",36.214600,-81.693800,"United States of America"
us_northcarolina_asu_highlands,"US North Carolina ASU Highlands",36.207600,-81.703200,"United States of America"
us_northcarolina_clearcut_3,"US North Carolina Clearcut 3",35.799000,-76.656000,"United States of America"
us_northcarolina_coweeta,"US North Carolina Coweeta",35.059200,-83.427500,"United States of America"
us_northcarolina_cwt_coweeta_lter_cwt1,"US North Carolina CWT Coweeta LTER",35.050580,-83.450060,"United States of America"
us_northcarolina_duke_forest_hardwoods,"US North Carolina Duke Forest Hardwoods",35.973582,-79.100430,"United States of America"
us_northcarolina_duke_forest_loblolly_pine,"US North Carolina Duke Forest Loblolly Pine",35.978166,-79.094196,"United States of America"
us_northcarolina_duke_forest_open_field,"US North Carolina Duke Forest open field",35.971200,-79.093400,"United States of America"
us_northcarolina_durham_11_w,"US North Carolina Durham 11 W",35.970500,-79.093100,"United States of America"
us_northcarolina_eopace1,"US North Carolina EOPACE1",36.182167,-75.750750,"United States of America"
us_northcarolina_eopace2,"US North Carolina EOPACE2",36.183583,-75.744717,"United States of America"
us_northcarolina_epa_res_triangle_pk,"US North Carolina EPA Res Triangle Pk",35.880000,-78.870000,"United States of America"
us_northcarolina_james_res_center,"US North Carolina James Res Center",35.872594,-76.659176,"United States of America"
us_northcarolina_joyce_kilmer,"US North Carolina Joyce Kilmer",35.257000,-83.795000,"United States of America"
us_northcarolina_maggie_valley,"US North Carolina Maggie Valley",35.519816,-83.094730,"United States of America"
us_northcarolina_nc_alligatorriver,"US North Carolina Alligator River",35.787900,-75.903800,"United States of America"
us_northcarolina_nc_asheville_13_s,"US North Carolina Asheville 13 S",35.418500,-82.556700,"United States of America"
us_northcarolina_nc_asheville_8_ssw,"US North Carolina Asheville 8 SSW",35.494500,-82.614200,"United States of America"
us_northcarolina_ncssm,"US North Carolina NCSSM",36.018446,-78.920750,"United States of America"
us_northcarolina_north_carolina_clearcut,"US North Carolina Clearcut",35.811470,-76.711470,"United States of America"
us_northcarolina_north_carolina_loblolly_pine,"US North Carolina Loblolly Pine",35.803100,-76.667910,"United States of America"
us_northcarolina_shining_rock,"US North Carolina Shining Rock",35.390159,-82.774967,"United States of America"
us_northcarolina_unc_asheville,"US North Carolina UNC Asheville",35.595100,-82.551500,"United States of America"
us_northcarolina_warren_wilson_college,"US North Carolina Warren Wilson College",35.609600,-82.442100,"United States of America"
us_northdakota_dakota_coteau_field_school,"US North Dakota Dakota Coteau Field School",47.161650,-99.106560,"United States of America"
us_northdakota_grand_forks,"US North Dakota Grand Forks",47.911750,-97.325450,"United States of America"
us_northdakota_mandan_h5,"US North Dakota Mandan H5",46.775423,-100.951090,"United States of America"
us_northdakota_mandan_i2,"US North Dakota Mandan I2",46.761400,-100.925700,"United States of America"
us_northdakota_nd_jamestown_38_wsw,"US North Dakota Jamestown 38 WSW",46.770200,-99.477800,"United States of America"
us_northdakota_nd_medora_7_e,"US North Dakota Medora 7 E",46.894600,-103.376900,"United States of America"
us_northdakota_nd_northgate_5_ese,"US North Dakota Northgate 5 ESE",48.967600,-102.170200,"United States of America"
us_northdakota_neon_wood,"US NorthDakota NEON WOOD",47.128228,-99.241356,"United States of America"
us_northdakota_northern_great_plains_research_laboratory,"US North Dakota Northern Great Plains Research Laboratory",46.769720,-100.915350,"United States of America"
us_northdakota_oakville_prairie,"US North Dakota Oakville Prairie",47.899334,-97.316139,"United States of America"
us_northdakota_prairie_lake_at_dakota_coteau_field_school,"US North Dakota Prairie Lake at Dakota Coteau Field School",47.159090,-99.113880,"United States of America"
us_northdakota_prairie_pothole,"US North Dakota Prairie Pothole",47.129990,-99.250550,"United States of America"
us_ohio_acton_lake_flux_tower_site,"US Ohio Acton Lake Flux Tower Site",39.582000,-84.755000,"United States of America"
us_ohio_acton_lake_flux_tower_site_2,"US Ohio Acton Lake Flux Tower Site",39.582000,-84.758000,"United States of America"
us_ohio_curtice_walter_berger_cropland,"US Ohio Curtice Walter Berger cropland",41.628500,-83.347100,"United States of America"
us_ohio_dayton,"US Ohio Dayton",39.775977,-84.109618,"United States of America"
us_ohio_lake_erie,"US Ohio Lake Erie",41.825600,-83.193600,"United States of America"
us_ohio_ltar_upper_chesapeake_miscanthus1,"US Ohio LTAR Upper Chesapeake Miscanthus 1",41.772700,-80.631300,"United States of America"
us_ohio_ltar_upper_chesapeake_miscanthus2,"US Ohio LTAR Upper Chesapeake Miscanthus 2",41.547900,-80.855000,"United States of America"
us_ohio_ltar_upper_chesapeake_miscanthus3,"US Ohio LTAR Upper Chesapeake Miscanthus 3",41.822200,-80.637000,"United States of America"
us_ohio_oh_coshocton_8_nne,"US Ohio Coshocton 8 NNE",40.366700,-81.782900,"United States of America"
us_ohio_oh_wooster_3_sse,"US Ohio Wooster 3 SSE",40.764100,-81.910400,"United States of America"
us_ohio_ohio_oak_openings,"US Ohio Oak Openings",41.554540,-83.843760,"United States of America"
us_ohio_old_woman_creek,"US Ohio Old Woman Creek",41.379517,-82.512467,"United States of America"
us_ohio_olentangy_river_wetland_research_park,"US Ohio Olentangy River Wetland Research Park",40.020100,-83.018300,"United States of America"
us_ohio_winous_point_north_marsh,"US Ohio Winous Point North Marsh",41.464600,-82.996200,"United States of America"
us_oklahoma_arm_control_site_lamont,"US Oklahoma ARM control site Lamont",35.546500,-98.040000,"United States of America"
us_oklahoma_arm_hay_pasture,"US Oklahoma ARM hay pasture",36.819300,-97.819800,"United States of America"
us_oklahoma_arm_lamont,"US Oklahoma ARM Lamont",36.605800,-97.488800,"United States of America"
us_oklahoma_arm_milo_field,"US Oklahoma ARM Milo field",36.808500,-97.548900,"United States of America"
us_oklahoma_arm_sgp_morrison,"US Oklahoma ARM SGP Morrison",36.377580,-96.068980,"United States of America"
us_oklahoma_arm_southern_great_plains_burn_site,"US Oklahoma ARM Southern Great Plains burn site",35.549740,-98.040230,"United States of America"
us_oklahoma_arm_usda_unl_osu_woodward_switchgrass_1,"US Oklahoma ARM USDA UNL OSU Woodward Switchgrass 1",36.426700,-99.420000,"United States of America"
us_oklahoma_arm_usda_unl_osu_woodward_switchgrass_2,"US Oklahoma ARM USDA UNL OSU Woodward Switchgrass 2",36.635800,-99.597500,"United States of America"
us_oklahoma_billings,"US Oklahoma Billings",36.605175,-97.485619,"United States of America"
us_oklahoma_blue_river,"US Oklahoma Blue River",34.444220,-96.624200,"United States of America"
us_oklahoma_cart_site,"US Oklahoma Cart Site",36.606670,-97.486390,"United States of America"
us_oklahoma_e33_newkirk_ok,"US Oklahoma E33 Newkirk",36.925600,-97.081700,"United States of America"
us_oklahoma_e35_tyron_ok,"US Oklahoma E35 Tyron",35.861600,-97.069500,"United States of America"
us_oklahoma_e36_marshall_ok,"US Oklahoma E36 Marshall",36.116600,-97.511200,"United States of America"
us_oklahoma_e38_omega_ok,"US Oklahoma E38 Omega",35.879700,-98.172800,"United States of America"
us_oklahoma_field_c2_southern_plains_ltar_green_farm,"US Oklahoma Field C2 Southern Plains LTAR GREEN Farm",35.568500,-98.055800,"United States of America"
us_oklahoma_ihop_homestead,"US Oklahoma IHOP Homestead",36.558333,-100.606183,"United States of America"
us_oklahoma_lw_scan,"US Oklahoma LW SCAN",34.960470,-97.978840,"United States of America"
us_oklahoma_marena,"US Oklahoma Marena",36.064340,-97.212710,"United States of America"
us_oklahoma_neon_oaes,"US Oklahoma NEON OAES",35.410590,-99.058790,"United States of America"
us_oklahoma_ok_goodwell_2_e,"US Oklahoma Goodwell 2 E",36.599300,-101.595000,"United States of America"
us_oklahoma_ok_st_univ,"US Oklahoma St Univ",35.045640,-97.917340,"United States of America"
us_oklahoma_ok_stillwater_2_w,"US Oklahoma Stillwater 2 W",36.118100,-97.091400,"United States of America"
us_oklahoma_ok_stillwater_5_wnw,"US Oklahoma Stillwater 5 WNW",36.134600,-97.108200,"United States of America"
us_oklahoma_ponca_winter_wheat,"US Oklahoma Ponca Winter Wheat",36.766667,-97.133333,"United States of America"
us_oklahoma_sgp_site,"US Oklahoma SGP Site",36.602200,-97.483600,"United States of America"
us_oklahoma_shidler_tallgrass_prairie,"US Oklahoma Shidler Tallgrass Prairie",36.933333,-96.683333,"United States of America"
us_oregon_albany_oregon,"US Oregon Albany",44.583332,-123.066666,"United States of America"
us_oregon_bordman,"US Oregon Bordman",45.816666,-119.666664,"United States of America"
us_oregon_burns_sagebrush,"US Oregon Burns Sagebrush",43.471200,-119.690900,"United States of America"
us_oregon_hjandrews,"US Oregon HJ Andrews",44.238609,-122.223892,"United States of America"
us_oregon_marys_river_fir_site,"US Oregon Marys River Fir Site",44.646494,-123.551483,"United States of America"
us_oregon_mcrae_creek,"US Oregon McRae Creek",44.259600,-122.165550,"United States of America"
us_oregon_metolius_eyerly_burn,"US Oregon Metolius Eyerly burn",44.579400,-121.500000,"United States of America"
us_oregon_metolius_first_young_pine,"US Oregon Metolius First Young Pine",44.437189,-121.566756,"United States of America"
us_oregon_metolius_intermediate_pine,"US Oregon Metolius Intermediate Pine",44.452600,-121.558900,"United States of America"
us_oregon_metolius_low_burn_severity_subcanopy,"Metolius Low Burn Severity Subcanopy",44.453400,-121.561900,"United States"
us_oregon_metolius_new_young_pine,"US Oregon Metolius New Young Pine",44.323840,-121.605993,"United States of America"
us_oregon_metolius_old_pine,"US Oregon Metolius Old Pine",44.499200,-121.622400,"United States of America"
us_oregon_metolius_second_young_pine,"US Oregon Metolius Second Young Pine",44.315400,-121.607800,"United States of America"
us_oregon_metolius_young_pine_burn,"US Oregon Metolius Young Pine Burn",44.323300,-121.607800,"United States of America"
us_oregon_mount_hood_national_forest,"US Oregon Mount Hood National Forest",45.307000,-121.706000,"United States of America"
us_oregon_or_coos_bay_8_sw,"US Oregon Coos Bay 8 SW",43.271800,-124.318600,"United States of America"
us_oregon_or_corvallis_10_ssw,"US Oregon Corvallis 10 SSW",44.418500,-123.325700,"United States of America"
us_oregon_or_john_day_35_wnw,"US Oregon John Day 35 WNW",44.556000,-119.645900,"United States of America"
us_oregon_or_riley_10_wsw,"US Oregon Riley 10 WSW",43.471100,-119.691700,"United States of America"
us_oregon_silverton,"US Oregon Silverton",44.998600,-122.694800,"United States of America"
us_oregon_ukiah,"US Oregon Ukiah",45.133610,-118.918884,"United States of America"
us_oregon_willamette_grass,"US Oregon Willamette Grass",45.112900,-122.656000,"United States of America"
us_oregon_willamette_poplar,"US Oregon Willamette Poplar",44.136900,-123.182400,"United States of America"
us_oregon_willamette_wheat,"US Oregon Willamette Wheat",45.108900,-122.666400,"United States of America"
us_pennsylvania_calipso_loudon_rd,"US Pennsylvania Calipso Loudon Rd",39.938933,-77.788517,"United States of America"
us_pennsylvania_calipso_peckman_frm,"US Pennsylvania Calipso Peckman Frm",39.938633,-77.750033,"United States of America"
us_pennsylvania_calipso_strasburg,"US Pennsylvania Calipso Strasburg",39.934467,-76.219300,"United States of America"
us_pennsylvania_calipso_w_strasburg,"US Pennsylvania Calipso W Strasburg",39.946550,-76.231117,"United States of America"
us_pennsylvania_cole_farm,"US Pennsylvania Cole Farm",40.636600,-77.942400,"United States of America"
us_pennsylvania_east_tower_ltar_farm,"US Pennsylvania East Tower LTAR Farm",40.755800,-77.999900,"United States of America"
us_pennsylvania_hawbecker_farm,"US Pennsylvania Hawbecker Farm",40.660800,-77.848849,"United States of America"
us_pennsylvania_kepler_ltar,"US Pennsylvania Kepler LTAR",40.723100,-77.924500,"United States of America"
us_pennsylvania_pa_avondale_2_n,"US Pennsylvania Avondale 2 N",39.859300,-75.786100,"United States of America"
us_pennsylvania_penn_state,"US Pennsylvania Penn State",40.720120,-77.930850,"United States of America"
us_pennsylvania_penn_state_univ,"US Pennylvania State University",40.742100,-78.080900,"United States of America"
us_pennsylvania_philadelphia,"US Pennsylvania Philadelphia",40.035667,-75.004667,"United States of America"
us_pennsylvania_susquehanna_shale_hills,"US Pennsylvania Susquehanna Shale Hills",40.665800,-77.904100,"United States of America"
us_pennsylvania_usda_ars_hawbecker_site,"US Pennsylvania USDA ARS Hawbecker Site",40.860800,-77.848800,"United States of America"
us_pennsylvania_west_tower_cooperative_farm,"US Pennsylvania West Tower Cooperative Farm",40.753700,-78.005700,"United States of America"
us_puertorico_cape_san_juan,"US Puerto Rico Cape San Juan",18.384500,-65.619900,"United States of America"
us_puertorico_el_verde,"US Puerto Rico El Verde",18.321000,-65.819600,"United States of America"
us_puertorico_la_parguera,"US Puerto Rico La Parguera",17.970450,-67.045383,"United States of America"
us_puertorico_lajas_experimental_station,"US Puerto Rico Lajas Experimental Station",18.021250,-67.076900,"United States of America"
us_puertorico_luquillo_lter_experimental_forest,"US Puerto Rico LUQ1 Luquillo Experimental Forest LTER",18.323890,-65.817500,"United States of America"
us_puertorico_neon_guan,"US Puerto Rico NEON GUAN",17.969550,-66.868700,"United States of America"
us_puertorico_rio_cupeyes,"US Puerto Rico Rio Cupeyes",18.113520,-66.986760,"United States of America"
us_puertorico_rio_guilarte,"US Puerto Rico Rio Guilarte",18.174100,-66.798510,"United States of America"
us_puertorico_rio_piedras,"US Puerto Rico Rio Piedras",18.401850,-66.051483,"United States of America"
us_puertorico_uprm_lidar_lab,"US Puerto Rico UPRM Lidar Lab",18.210131,-67.140125,"United States of America"
us_rhodeisland_ri_kingston_1_nw,"US Rhode Island Kingston 1 NW",41.491100,-71.541300,"United States of America"
us_rhodeisland_ri_kingston_1_w,"US Rhode Island Kingston 1 W",41.478200,-71.541700,"United States of America"
us_south_carolina_minim_creek_brackish_impoundment,"US South Carolina Minim Creek Brackish Impoundment",33.201500,-79.297500,"United States of America"
us_southcarolina_aiken,"US South Carolina Aiken",33.382500,-81.565300,"United States of America"
us_southcarolina_columbia_sc,"US South Carolina Columbia",34.022803,-81.036333,"United States of America"
us_southcarolina_hobcaw_barony_longleaf_restoration,"US South Carolina Hobcaw Barony Longleaf Restoration",33.348200,-79.232200,"United States of America"
us_southcarolina_hobcaw_barony_mature_longleaf_pine,"US South Carolina Hobcaw Barony Mature Longleaf Pine",33.324200,-79.244000,"United States of America"
us_southcarolina_north_inlet_crab_haul_creek,"US South Carolina North Inlet Crab Haul Creek",33.345500,-79.195700,"United States of America"
us_southcarolina_sc_blackville_3_w,"US South Carolina Blackville 3 W",33.355000,-81.327900,"United States of America"
us_southcarolina_sc_mcclellanville_7_ne,"US South Carolina McClellanville 7 NE",33.153200,-79.363700,"United States of America"
us_southcarolina_strawberry_swamp,"US South Carolina Strawberry Swamp",33.330200,-79.249200,"United States of America"
us_southdakota_black_hills,"US South Dakota Black Hills",44.158000,-103.650000,"United States of America"
us_southdakota_brookings,"US South Dakota Brookings",44.345290,-96.836170,"United States of America"
us_southdakota_cottonwood,"US South Dakota Cottonwood",43.949950,-101.846610,"United States of America"
us_southdakota_sd_aberdeen_35_wnw,"US South Dakota Aberdeen 35 WNW",45.711450,-99.129580,"United States of America"
us_southdakota_sd_buffalo_13_ese,"US South Dakota Buffalo 13 ESE",45.516000,-103.301700,"United States of America"
us_southdakota_sd_pierre_24_s,"US South Dakota Pierre 24 S",44.019400,-100.353000,"United States of America"
us_southdakota_sd_sioux_falls_14_nne,"US South Dakota Sioux Falls 14 NNE",43.734600,-96.622200,"United States of America"
us_southdakota_sdsu_iplab,"US South Dakota SDSU IPLab",44.314830,-96.786070,"United States of America"
us_southdakota_sioux_falls,"US South Dakota Sioux Falls",43.736283,-96.625983,"United States of America"
us_southdakota_sioux_falls_portable,"US South Dakota Sioux Falls Portable",43.240800,-96.902000,"United States of America"
us_tennessee_chestnut_ridge,"US Tennessee Chestnut Ridge",35.931093,-84.332424,"United States of America"
us_tennessee_clingmans_dome_great_smoky,"US Tennessee Clingmans Dome Great Smoky",35.562800,-83.498600,"United States of America"
us_tennessee_great_smoky_mountains_national_park_twin_creeks,"US Tennessee Great Smoky Mountains National Park Twin Creeks",35.688960,-83.501950,"United States of America"
us_tennessee_harned_hall_tsu_campus,"US Tennessee Harned Hall TSU campus",36.167100,-86.829500,"United States of America"
us_tennessee_leconte_creek,"US Tennessee LeConte Creek",35.690430,-83.503790,"United States of America"
us_tennessee_neon_ornl,"US Tennessee NEON ORNL",35.964128,-84.282588,"United States of America"
us_tennessee_smoky_look_rock,"US Tennessee Smoky Look Rock",35.632529,-83.943113,"United States of America"
us_tennessee_smoky_purchase_knob,"US Tennessee Smoky Purchase Knob",35.586000,-83.073300,"United States of America"
us_tennessee_tn_crossville_7_nw,"US Tennessee TN Crossville 7 NW",36.013800,-85.134500,"United States of America"
us_tennessee_walker_branch,"US Tennessee Walker Branch",35.958767,-84.287433,"United States of America"
us_tennessee_walker_branch_neon,"US Tennessee Walker Branch NEON",35.959470,-84.280410,"United States of America"
us_texas_5r_pecan_farm_above_canopy,"US Texas 5R Pecan Farm Above Canopy",31.412300,-106.078800,"United States of America"
us_texas_bushland,"US Texas Bushland",35.186780,-102.093840,"United States of America"
us_texas_calipso_carthage,"US Texas Calipso Carthage",32.064340,-94.066270,"United States of America"
us_texas_calipso_sabine_frst,"US Texas Calipso Sabine Frst",31.607300,-93.867433,"United States of America"
us_texas_camp_wood_shield_ranch_oak_savannah,"US Texas Camp Wood Shield Ranch Oak Savannah",29.656100,-99.958800,"United States of America"
us_texas_cat_spring,"US Texas Cat Spring",29.829050,-96.325617,"United States of America"
us_texas_danciger_lowland_hardwood_forest,"US Texas Danciger Lowland Hardwood Forest",29.165867,-95.829033,"United States of America"
us_texas_davy_crockett_national_forest,"US Texas Davy Crockett National Forest",31.462900,-95.341500,"United States of America"
us_texas_dragon_aldine,"US Texas DRAGON Aldine",29.901037,-95.326125,"United States of America"
us_texas_dragon_channel_view,"US Texas DRAGON Channel View",29.802500,-95.125556,"United States of America"
us_texas_dragon_clinton,"US Texas DRAGON Clinton",29.733611,-95.257500,"United States of America"
us_texas_dragon_deer_park,"US Texas DRAGON Deer Park",29.670046,-95.128485,"United States of America"
us_texas_dragon_galveston,"US Texas DRAGON Galveston",29.254474,-94.861289,"United States of America"
us_texas_dragon_manvelcroix,"US Texas DRAGON ManvelCroix",29.520427,-95.392522,"United States of America"
us_texas_dragon_nw_harris_co,"US Texas DRAGON NW Harris CO",30.039444,-95.673889,"United States of America"
us_texas_dragon_seabrookpark,"US Texas DRAGON Seabrook Park",29.583047,-95.015544,"United States of America"
us_texas_dragon_smith_point,"US Texas DRAGON Smith Point",29.546244,-94.786969,"United States of America"
us_texas_dragon_uh_w_liberty,"US Texas DRAGON UH W Liberty",30.058300,-94.978100,"United States of America"
us_texas_dragon_west_houston,"US Texas DRAGON West Houston",29.833056,-95.656944,"United States of America"
us_texas_eaa_field_research_park_woodland,"US Texas EAA Field Research Park Woodland",29.663300,-98.381600,"United States of America"
us_texas_edwards_plateau_martin,"US Texas Edwards Plateau Martin",30.816717,-99.861892,"United States of America"
us_texas_freeman_ranch_grassland,"US Texas Freeman Ranch Grassland",29.930000,-98.010000,"United States of America"
us_texas_freeman_ranch_mesquite_juniper,"US Texas Freeman Ranch Mesquite Juniper",29.949489,-97.996228,"United States of America"
us_texas_freeman_ranch_woodland,"US Texas Freeman Ranch Woodland",29.940000,-97.990000,"United States of America"
us_texas_houston_yellowcab_site,"US Texas Houston Yellowcab Site",29.789539,-95.353428,"United States of America"
us_texas_j_17_savanna_site,"US Texas J17 Savanna Site",30.175506,-97.877800,"United States of America"
us_texas_kress_tx_no-till_cotton_and_grain_sorghum_production,"Kress, TX no-till cotton and grain sorghum production",34.367400,-101.815400,"United States"
us_texas_la_copita_grassland_savanna,"US Texas La Copita Grassland Savanna",27.666600,-98.208900,"United States of America"
us_texas_la_copita_shrubland_savanna,"US Texas La Copita Shrubland Savanna",27.665000,-98.200700,"United States of America"
us_texas_lbj_national_grassland,"US Texas LBJ National Grassland",33.401230,-97.570000,"United States of America"
us_texas_lockney_grassland,"US Texas Lockney Grassland",34.137700,-101.478700,"United States of America"
us_texas_panther_junction_visitor_center_big_bend,"US Texas Panther Junction Visitor Center Big Bend",29.322778,-103.207500,"United States of America"
us_texas_pringle_creek,"US Texas Pringle Creek",33.378590,-97.782260,"United States of America"
us_texas_pvamu_research_farm,"US Texas PVAMU Research Farm",30.095819,-95.969511,"United States of America"
us_texas_riesel_farm_aspirational_agriculture,"US Texas Riesel Farm Aspirational Agriculture",31.477700,-96.888300,"United States of America"
us_texas_riesel_farm_native_prairie,"US Texas Riesel Farm Native Prairie",31.480200,-96.882700,"United States of America"
us_texas_riesel_farm_traditional_agriculture,"US Texas Riesel Farm Traditional Agriculture",31.469300,-96.886500,"United States of America"
us_texas_sargent_unit_salt_marsh,"US Texas Sargent Unit Salt Marsh",28.780500,-95.614400,"United States of America"
us_texas_smartfarm_project,"US Texas SmartFarm Project",36.393400,-100.953700,"United States of America"
us_texas_thrall_mixed_prairie,"US Texas Thrall Mixed Prairie",30.617600,-97.293800,"United States of America"
us_texas_tx_austin_33_nw,"US Texas Austin 33 NW",30.622200,-98.084600,"United States of America"
us_texas_tx_bronte_11_nne,"US Texas Bronte 11 NNE",32.040800,-100.249500,"United States of America"
us_texas_tx_edinburg_17_nne,"US Texas Edinburg 17 NNE",26.525800,-98.063300,"United States of America"
us_texas_tx_monahans_6_ene,"US Texas Monahans 6 ENE",31.621900,-102.807100,"United States of America"
us_texas_tx_muleshoe_19_s,"US Texas Muleshoe 19 S",33.955700,-102.774000,"United States of America"
us_texas_tx_palestine_6_wnw,"US Texas Palestine 6 WNW",31.779600,-95.723200,"United States of America"
us_texas_tx_panther_junction_2_n,"US Texas Panther Junction 2 N",29.348300,-103.209300,"United States of America"
us_texas_tx_port_aransas_32_nne,"US Texas Port Aransas 32 NNE",28.304500,-96.823000,"United States of America"
us_texas_uh_coastal_center,"US Texas UH Coastal Center",29.388300,-95.042500,"United States of America"
us_texas_univ_of_houston,"US Texas Univ of Houston",29.717700,-95.341600,"United States of America"
us_texas_university_farm,"US Texas University Farm",30.532800,-96.425200,"United States of America"
us_texas_uvalde_ranch_mesquite_woodland,"US Texas Uvalde Ranch Mesquite Woodland",29.358400,-99.957600,"United States of America"
us_texas_yellow_cab_urban,"US Texas Yellow Cab urban",29.789400,-95.353600,"United States of America"
us_unitedstatesminoroutlyingislands_midway_island,"US Midway Island",28.209833,-177.378333,"United States of America"
us_utah_cedar_mesa,"US Utah Cedar Mesa",37.524140,-109.747140,"United States of America"
us_utah_colorado_plateau,"US Utah Colorado Plateau",37.661500,-112.852500,"United States of America"
us_utah_corral_pocket,"US Utah Corral Pocket",38.090000,-109.390000,"United States of America"
us_utah_juniper_woodland_site,"US Utah Juniper Woodland Site",40.259322,-112.478125,"United States of America"
us_utah_murray,"US Utah Murray",40.648061,-111.916231,"United States of America"
us_utah_neon_moab,"US Utah NEON MOAB",38.248331,-109.388269,"United States of America"
us_utah_neon_onaq,"US Utah NEON ONAQ",40.177589,-112.452439,"United States of America"
us_utah_red_butte_creek,"US Utah Red Butte Creek",40.783740,-111.797650,"United States of America"
us_utah_sagebrush_site,"US Utah Sagebrush Site",40.282844,-112.471567,"United States of America"
us_utah_uflux_bluff,"UFLUX Bluff",37.281800,-109.534800,"United States"
us_utah_uflux_bonneville_salt_flats,"US Utah UFLUX Bonneville Salt Flats",40.784800,-113.829900,"United States of America"
us_utah_uflux_desert_view,"US Utah UFLUX Desert View",40.126600,-109.954600,"United States of America"
us_utah_uflux_dugout_ranch,"US Utah UFLUX Dugout Ranch",38.103800,-109.595200,"United States of America"
us_utah_uflux_escalante,"UFLUX Escalante",37.735300,-111.570800,"United States"
us_utah_uflux_great_salt_lake_phragmites,"UFLUX Great Salt Lake Phragmites",41.060400,-112.101300,"United States"
us_utah_uflux_matheson,"US Utah UFLUX Matheson",38.587900,-109.577500,"United States of America"
us_utah_uflux_nephi,"US Utah UFLUX Nephi",39.689600,-111.881400,"United States of America"
us_utah_uflux_wellington,"US Utah UFLUX Wellington",39.445300,-110.728800,"United States of America"
us_utah_ut_blanding_26_ssw,"US Utah Blanding 26 SSW",37.266700,-109.607400,"United States of America"
us_utah_ut_brigham_city_28_wnw,"US Utah Brigham City 28 WNW",41.616300,-112.543700,"United States of America"
us_utah_ut_cedar_city_18_sse,"US Utah Cedar City 18 SSE",37.457200,-113.224800,"United States of America"
us_utah_ut_delta_4_ne,"US Utah Delta 4 NE",39.387200,-112.509500,"United States of America"
us_utah_ut_mexican_hat_10_nw,"US Utah Mexican Hat 10 NW",37.250700,-109.987700,"United States of America"
us_utah_ut_midway_3_ne,"US Utah Midway 3 NE",40.546700,-111.413700,"United States of America"
us_utah_ut_milford_42_wnw,"US Utah Milford 42 WNW",38.594300,-113.751100,"United States of America"
us_utah_ut_monticello_24_nw,"US Utah Monticello 24 NW",38.140200,-109.616500,"United States of America"
us_utah_ut_provo_22_e,"US Utah Provo 22 E",40.281600,-111.239800,"United States of America"
us_utah_ut_torrey_7_e,"US Utah Torrey 7 E",38.302800,-111.293500,"United States of America"
us_utah_ut_tropic_9_se,"US Utah Tropic 9 SE",37.517400,-111.977500,"United States of America"
us_vermont_proctor_maple,"US Vermont Proctor Maple",44.525000,-72.866000,"United States of America"
us_vermont_underhill_air_quality_monitoring_station,"US Vermont Underhill Air Quality Monitoring Station",44.528300,-72.868600,"United States of America"
us_vermont_woodstock_union,"US Vermont Woodstock Union",43.613153,-72.544490,"United States of America"
us_virginia_big_meadows,"US Virginia Big Meadows",38.521944,-78.436111,"United States of America"
us_virginia_blacksburg,"US Virginia Blacksburg",37.230775,-80.424681,"United States of America"
us_virginia_blandy_experimental_farm,"US Virginia Blandy Experimental Farm",39.059595,-78.072379,"United States of America"
us_virginia_blandy_experimental_farm_neon,"US Virginia Blandy Experimental Farm NEON",39.060260,-78.071640,"United States of America"
us_virginia_calipso_ashburn,"US Virginia Calipso Ashburn",39.065900,-77.476167,"United States of America"
us_virginia_calipso_belmont_scl,"US Virginia Calipso Belmont Scl",39.089278,-77.489763,"United States of America"
us_virginia_calipso_braddock_rd,"US Virginia Calipso Braddock Rd",38.827030,-77.408287,"United States of America"
us_virginia_calipso_fincastle,"US Virginia Calipso Fincastle",39.050183,-77.475350,"United States of America"
us_virginia_calipso_kinchaloe,"US Virginia Calipso Kinchaloe",38.755423,-77.390121,"United States of America"
us_virginia_calipso_ormand_ms,"US Virginia Calipso Ormand MS",38.855649,-77.454630,"United States of America"
us_virginia_calipso_poplar_tree,"US Virginia Calipso Poplar Tree",38.863400,-77.414233,"United States of America"
us_virginia_calipso_sanders_es,"US Virginia Calipso Sanders ES",39.038485,-77.510017,"United States of America"
us_virginia_calipso_signal_hill,"US Virginia Calipso Signal Hill",38.752983,-77.440433,"United States of America"
us_virginia_calipso_sterling_po,"US Virginia Calipso Sterling PO",39.001200,-77.457567,"United States of America"
us_virginia_calipso_westfield_h,"US Virginia Calipso Westfield H",38.887517,-77.464783,"United States of America"
us_virginia_cheritan,"US Virginia Cheritan",37.289478,-75.971778,"United States of America"
us_virginia_coast_reserve_fowling_point,"US Virginia Coast Reserve Fowling Point",37.411100,-75.833300,"United States of America"
us_virginia_hampton_roads,"US Virginia Hampton Roads",36.783333,-76.449997,"United States of America"
us_virginia_hampton_university,"US Virginia Hampton University",37.020400,-76.336500,"United States of America"
us_virginia_langley_research_center,"US Virginia Langley Research Center",37.103800,-76.387200,"United States of America"
us_virginia_lewis_run,"US Virginia Lewis Run",39.095640,-77.983220,"United States of America"
us_virginia_nasa_larc,"US Virginia NASA LaRC",37.104960,-76.378640,"United States of America"
us_virginia_neon_mlbs,"US Virginia NEON MLBS",37.378306,-80.524836,"United States of America"
us_virginia_neon_scbi,"US Virginia NEON SCBI",38.892919,-78.139500,"United States of America"
us_virginia_oyster,"US Virginia Oyster",37.295044,-75.933192,"United States of America"
us_virginia_pace,"US Virginia PACE",37.922900,-78.273900,"United States of America"
us_virginia_posey_creek,"US Virginia Posey Creek",38.893320,-78.146780,"United States of America"
us_virginia_rice_rivers_center_marsh,"US Virginia Rice Rivers Center Marsh",37.334400,-77.206500,"United States of America"
us_virginia_riverside_park,"US Virginia Riverside Park",38.716667,-77.066667,"United States of America"
us_virginia_shenandoah,"US Virginia Shenandoah",38.616700,-78.350000,"United States of America"
us_virginia_sterling,"US Virginia Sterling",38.983330,-77.466670,"United States of America"
us_virginia_sweet_briar_clearcut,"US Virginia Sweet Briar Clearcut",37.575200,-79.087200,"United States of America"
us_virginia_sweet_briar_grass,"US Virginia Sweet Briar Grass",37.560700,-79.088300,"United States of America"
us_virginia_sweet_briar_land,"US Virginia Sweet Briar Land Atmosphere Research Station",37.573400,-79.084800,"United States of America"
us_virginia_usgs_reston,"US Virginia USGS Reston",38.947100,-77.367600,"United States of America"
us_virginia_va_cape_charles_5_ene,"US Virginia Cape Charles 5 ENE",37.290700,-75.927000,"United States of America"
us_virginia_va_charlottesville_2_sse,"US Virginia Charlottesville 2 SSE",37.997500,-78.465600,"United States of America"
us_virginia_wallops,"US Virginia Wallops",37.941666,-75.474998,"United States of America"
us_washington_abby_road,"US Washington Abby Road",45.762430,-122.330330,"United States of America"
us_washington_caf_ltar_boyd_north,"US Washington CAF LTAR Boyd North",46.755100,-117.126100,"United States of America"
us_washington_caf_ltar_boyd_south,"US Washington CAF LTAR Boyd South",46.751800,-117.128500,"United States of America"
us_washington_caf_ltar_cook_east,"US Washington CAF LTAR Cook East",46.781500,-117.082100,"United States of America"
us_washington_caf_ltar_cook_west,"US Washington CAF LTAR Cook West",46.784000,-117.090800,"United States of America"
us_washington_cook_farm_conventional_till,"US Washington Cook Farm Conventional Till",46.777600,-117.080700,"United States of America"
us_washington_cook_farm_no_till,"US Washington Cook Farm No Till",46.783700,-117.077700,"United States of America"
us_washington_crescent_lake_olympic_national_park,"US Washington Crescent Lake Olympic National Park",48.094722,-123.805833,"United States of America"
us_washington_hanford_100h_grassland,"US Washington Hanford 100H grassland",46.688900,-119.464100,"United States of America"
us_washington_hanford_100h_sagebrush,"US Washington Hanford 100H sagebrush",46.687800,-119.461500,"United States of America"
us_washington_hanford_300_area,"US Washington Hanford 300 Area",46.408900,-119.275000,"United States of America"
us_washington_martha_creek,"US Washington Martha Creek",45.791250,-121.931960,"United States of America"
us_washington_moses_lake_on_farm,"US Washington Moses Lake on farm",47.010000,-119.248000,"United States of America"
us_washington_newhalem_visitor_center_north_cascades,"US Washington Newhalem Visitor Center North Cascades",48.670556,-121.256111,"United States of America"
us_washington_nisqually_reference,"US Washington Nisqually reference",47.093500,-122.692700,"United States of America"
us_washington_nisqually_restoring,"US Washington Nisqually restoring",47.093600,-122.707900,"United States of America"
us_washington_paradise_mount_rainier_national_park,"US Washington Paradise Mount Rainier National Park",46.783333,-121.733333,"United States of America"
us_washington_parcel_1_east_at_midpoint_shrub_steppe_post_wildfi,"US Washington Parcel 1 East at Midpoint Shrub Steppe Post Wildfi",48.154000,-119.945600,"United States of America"
us_washington_pasayten_wilderness_okanogan,"US Washington Pasayten Wilderness Okanogan",48.393000,-119.896000,"United States of America"
us_washington_pnnl,"US Washington PNNL",46.340950,-119.278800,"United States of America"
us_washington_spokane,"US Washington Spokane",47.619720,-117.533890,"United States of America"
us_washington_st_john_onfarm_site_zone_1,"US Washington St. John On-farm site Zone 1",47.124500,-117.530600,"United States of America"
us_washington_st_john_onfarm_site_zone_2,"US Washington St. John On-farm site Zone 2",47.122600,-117.527100,"United States of America"
us_washington_st_john_onfarm_site_zone_3,"US Washington St. John On-farm site Zone 3",47.126100,-117.526700,"United States of America"
us_washington_wa_darrington_21_nne,"US Washington Darrington 21 NNE",48.540500,-121.446000,"United States of America"
us_washington_wa_quinault_4_ne,"US Washington Quinault 4 NE",47.513900,-123.812000,"United States of America"
us_washington_wa_spokane_17_ssw,"US Washington Spokane 17 SSW",47.417400,-117.526400,"United States of America"
us_washington_white_salmon,"US Washington White Salmon",45.766660,-121.512500,"United States of America"
us_washington_wind_river,"US Washington Wind River",45.821283,-121.952083,"United States of America"
us_washington_wind_river_crane_site,"US Washington Wind River Crane Site",45.820489,-121.951911,"United States of America"
us_washington_wsu_lind_dryland_research_station,"US Washington WSU Lind Dryland Research Station",46.991000,-118.598000,"United States of America"
us_west_virginia_apple_orchard_ars_kearneysville,"US West Virginia Apple Orchard ARS Kearneysville",39.344700,-77.885900,"United States of America"
us_west_virginia_jacks_run,"US West Virginia Jacks Run",39.678858,-80.164642,"United States of America"
us_westvirginia_canaan_valley,"US West Virginia Canaan Valley",39.063300,-79.420800,"United States of America"
us_westvirginia_dolly_sods,"US West Virginia Dolly Sods",39.099529,-79.427041,"United States of America"
us_westvirginia_dragon_wileyford,"US West Virginia DRAGON WileyFord",39.610446,-78.773648,"United States of America"
us_westvirginia_wv_elkins_21_ene,"US West Virginia Elkins 21 ENE",39.013000,-79.474300,"United States of America"
us_wisconsin_allequash_creek_site,"US Wisconsin Allequash Creek Site",46.030800,-89.606700,"United States of America"
us_wisconsin_central_sands_forest,"US Wisconsin Central Sands Forest",44.437500,-89.544300,"United States of America"
us_wisconsin_central_sands_irrigated_agricultural,"US Wisconsin Central Sands Irrigated Agricultural Field",44.433800,-89.536400,"United States of America"
us_wisconsin_central_sands_irrigated_agricultural_field,"US Wisconsin Central Sands Irrigated Agricultural Field",44.139400,-89.572700,"United States of America"
us_wisconsin_central_sands_irrigated_agricultural_field,"Central Sands Irrigated Agricultural Field",44.159700,-89.547500,"United States"
us_wisconsin_central_sands_irrigated_agricultural_field,"Central Sands Irrigated Agricultural Field",44.109500,-89.537700,"United States"
us_wisconsin_central_sands_irrigated_agricultural_field_6,"US Wisconsin Central Sands Irrigated Agricultural Field 6",44.429700,-89.544000,"United States of America"
us_wisconsin_central_sands_irrigated_agriculture,"US Wisconsin Central Sands Irrigated Agriculture",44.103100,-89.537900,"United States of America"
us_wisconsin_coloma_corn_1,"US Wisconsin Coloma Corn 1",44.073200,-89.678700,"United States of America"
us_wisconsin_coloma_corn_2,"US Wisconsin Coloma Corn 2",44.103900,-89.619600,"United States of America"
us_wisconsin_crampton_lake,"US Wisconsin Crampton Lake",46.211110,-89.478250,"United States of America"
us_wisconsin_dairy_forage_research_center_kernza,"US Wisconsin Dairy Forage Research Center Kernza",43.345278,-89.715417,"United States of America"
us_wisconsin_dairy_forage_research_center_prairie,"US Wisconsin Dairy Forage Research Center Prairie du Sac",43.344818,-89.711670,"United States of America"
us_wisconsin_downer_woods,"US Wisconsin Downer Woods",43.079380,-87.880760,"United States of America"
us_wisconsin_lake_mendota_center_for_limnology_site,"US Wisconsin Lake Mendota Center for Limnology Site",43.077300,-89.403000,"United States of America"
us_wisconsin_lake_mendota_picnic_point_site,"US Wisconsin Lake Mendota Picnic Point Site",43.089600,-89.415800,"United States of America"
us_wisconsin_little_rock_lake,"US Wisconsin Little Rock Lake",45.998269,-89.704767,"United States of America"
us_wisconsin_lost_creek,"US Wisconsin Lost Creek",46.082680,-89.979190,"United States of America"
us_wisconsin_mixed_young_jack_pine_myjp,"US Wisconsin Mixed young jack pine",46.653083,-91.085806,"United States of America"
us_wisconsin_ne1_pine2_cheesehead_2019,"US Wisconsin NE1 Pine2 CHEESEHEAD 2019",45.973483,-90.272300,"United States of America"
us_wisconsin_ne2_pine3_cheesehead_2019,"US Wisconsin NE2 Pine3 CHEESEHEAD 2019",45.955733,-90.240600,"United States of America"
us_wisconsin_ne3_hardwood1_cheesehead_2019,"US Wisconsin NE3 Hardwood1 CHEESEHEAD 2019",45.974900,-90.232733,"United States of America"
us_wisconsin_ne4_maple1_cheesehead_2019,"US Wisconsin NE4 Maple1 CHEESEHEAD 2019",45.961867,-90.227033,"United States of America"
us_wisconsin_neon_unde,"US Wisconsin NEON UNDE",46.233881,-89.537250,"United States of America"
us_wisconsin_north_temperate_lakes_lter__ntl,"US Wisconsin North Temperate Lakes LTER",46.013740,-89.679690,"United States of America"
us_wisconsin_ntl_ntl2_madison_lakes_yahara_watershed,"US Wisconsin North Temperate Lakes LTER Madison Lakes Yahara Watershed",43.208500,-89.351870,"United States of America"
us_wisconsin_nw1_pine1_cheesehead_2019,"US Wisconsin NW1 Pine1 CHEESEHEAD 2019",45.972001,-90.323172,"United States of America"
us_wisconsin_nw2_aspen1_cheesehead_2019,"US Wisconsin NW2 Aspen1 CHEESEHEAD 2019",45.967733,-90.308783,"United States of America"
us_wisconsin_nw3_tussock1_cheesehead_2019,"US Wisconsin NW3 Tussock1 CHEESEHEAD 2019",45.968917,-90.301033,"United States of America"
us_wisconsin_nw4_lake1_cheesehead_2019,"US Wisconsin NW4 Lake1 CHEESEHEAD 2019",45.979250,-90.300420,"United States of America"
us_wisconsin_nw5_grass1_cheesehead_2019,"US Wisconsin NW5 Grass1 CHEESEHEAD 2019",45.945833,-90.294367,"United States of America"
us_wisconsin_park_falls,"US Wisconsin Park Falls",45.945878,-90.272304,"United States of America"
us_wisconsin_red_pine_clearcut_rpcc,"US Wisconsin Red pine clearcut",46.649111,-91.069278,"United States of America"
us_wisconsin_se1_lake2_cheesehead_2019,"US Wisconsin SE1 Lake2 CHEESEHEAD 2019",45.922883,-90.272833,"United States of America"
us_wisconsin_se2_hardwood4_cheesehead_2019,"US Wisconsin SE2 Hardwood4 CHEESEHEAD 2019",45.936517,-90.264083,"United States of America"
us_wisconsin_se3_aspen4_cheesehead_2019,"US Wisconsin SE3 Aspen4 CHEESEHEAD 2019",45.927150,-90.247500,"United States of America"
us_wisconsin_se4_tussock2_cheesehead_2019,"US Wisconsin SE4 Tussock2 CHEESEHEAD 2019",45.924483,-90.247450,"United States of America"
us_wisconsin_se5_aspen5_cheesehead_2019,"US Wisconsin SE5 Aspen5 CHEESEHEAD 2019",45.938083,-90.238183,"United States of America"
us_wisconsin_se6_pine4_cheesehead_2019,"US Wisconsin SE6 Pine4 CHEESEHEAD 2019",45.919733,-90.228833,"United States of America"
us_wisconsin_south_greenbay,"US Wisconsin South Greenbay",44.596330,-87.951200,"United States of America"
us_wisconsin_steigerwaldt_land_services,"US Wisconsin Steigerwaldt Land Services",45.508940,-89.586370,"United States of America"
us_wisconsin_sw1_aspen2_cheesehead_2019,"US Wisconsin SW1 Aspen2 CHEESEHEAD 2019",45.914900,-90.342500,"United States of America"
us_wisconsin_sw2_aspen3_cheesehead_2019,"US Wisconsin SW2 Aspen3 CHEESEHEAD 2019",45.940900,-90.317733,"United States of America"
us_wisconsin_sw3_hardwood2_cheesehead_2019,"US Wisconsin SW3 Hardwood2 CHEESEHEAD 2019",45.920667,-90.309900,"United States of America"
us_wisconsin_sw4_hardwood3_cheesehead_2019,"US Wisconsin SW4 Hardwood3 CHEESEHEAD 2019",45.939217,-90.282317,"United States of America"
us_wisconsin_treehaven,"US Wisconsin Treehaven",45.493690,-89.585710,"United States of America"
us_wisconsin_tri_county_school_pine_forest,"US Wisconsin Tri County School Pine Forest",44.146732,-89.500220,"United States of America"
us_wisconsin_trout_bog,"US Wisconsin Trout Bog",46.041150,-89.686153,"United States of America"
us_wisconsin_trout_south_sparkling_bog,"US Wisconsin Trout Lake Area South Sparkling Bog",46.003401,-89.705303,"United States of America"
us_wisconsin_u_of_wisconsin_ssec,"US Wisconsin U of Wisconsin SSEC",43.072490,-89.411350,"United States of America"
us_wisconsin_uw_milwaukee_station,"US Wisconsin UW Milwaukee Station",43.387090,-88.022900,"United States of America"
us_wisconsin_wabikon,"US Wisconsin Wabikon",45.554600,-88.794500,"United States of America"
us_wisconsin_wi_necedah_5_wnw,"US Wisconsin Necedah 5 WNW",44.060400,-90.173700,"United States of America"
us_wisconsin_willow_creek,"US Wisconsin Willow Creek",45.805927,-90.079859,"United States of America"
us_wisconsin_willow_creek2,"US Wisconsin Willow Creek",45.805986,-90.079120,"United States of America"
us_wisconsin_wisconsin,"US Wisconsin Trout Lake Forestry Headquarters",46.051888,-89.653725,"United States of America"
us_wisconsin_wisconsin_clearcut_young_hardwood,"US Wisconsin Clearcut Young Hardwood",46.722333,-91.252417,"United States of America"
us_wisconsin_wisconsin_intermediate_hardwoods,"US Wisconsin Intermediate Hardwoods",46.730472,-91.232944,"United States of America"
us_wisconsin_wisconsin_intermediate_red_pine,"US Wisconsin Intermediate Red Pine",46.686889,-91.152833,"United States of America"
us_wisconsin_wisconsin_mature_hardwood,"US Wisconsin Mature Hardwood",46.634722,-91.098667,"United States of America"
us_wisconsin_wisconsin_mature_red_pine,"US Wisconsin Mature Red Pine",46.739333,-91.166250,"United States of America"
us_wisconsin_wisconsin_pine_barrens,"US Wisconsin Pine Barrens",46.624889,-91.298222,"United States of America"
us_wisconsin_wisconsin_young_jack_pine,"US Wisconsin Young Jack Pine",46.618778,-91.081444,"United States of America"
us_wisconsin_young_jack_pine,"Young Jack pine (YJP)",46.738500,-91.074600,"United States"
us_wyoming_blacktail_deer_creek,"US Wyoming Blacktail Deer Creek",44.950110,-110.587150,"United States of America"
us_wyoming_bridger_wilderness,"US Wyoming Bridger Wilderness",43.004000,-109.756000,"United States of America"
us_wyoming_chimney_park,"US Wyoming Chimney Park",41.068000,-106.118700,"United States of America"
us_wyoming_glees,"US Wyoming GLEES",41.364400,-106.239400,"United States of America"
us_wyoming_glees_2,"US Wyoming GLEES",41.366500,-106.239900,"United States of America"
us_wyoming_glees_brooklyn_tower,"US Wyoming GLEES Brooklyn Tower",41.365800,-106.239700,"United States of America"
us_wyoming_grand_teton,"US Wyoming Grand Teton",43.915017,-110.578036,"United States of America"
us_wyoming_national_elk_refuge,"US Wyoming National Elk Refuge",43.488931,-110.737824,"United States of America"
us_wyoming_northern_plains_site,"US Wyoming Northern Plains Site",42.312889,-106.557111,"United States of America"
us_wyoming_riverton_umtra_site_well_0855,"US Wyoming Riverton UMTRA site Well 0855",42.988600,-108.400100,"United States of America"
us_wyoming_saratoga,"US Wyoming Saratoga",41.396600,-106.802400,"United States of America"
us_wyoming_usgs_quickbird,"US Wyoming USGS Quickbird",41.928871,-109.303870,"United States of America"
us_wyoming_wy_lander_11_sse,"US Wyoming Lander 11 SSE",42.675400,-108.668600,"United States of America"
us_wyoming_wy_moose_1_nne,"US Wyoming Moose 1 NNE",43.661500,-110.712000,"United States of America"
us_wyoming_wy_sundance_8_nnw,"US Wyoming Sundance 8 NNW",44.516900,-104.436300,"United States of America"
us_wyoming_yellowstone_northern_range_frog_rock,"US Wyoming Yellowstone Northern Range Frog Rock",44.953480,-110.539140,"United States of America"
ve_cojedes_ganaderos,"VE Cojedes Ganaderos",8.900106,-68.150944,"Venezuela (Bolivarian Republic)"
vn_baclieu_bac_lieu,"VN Bac Lieu Bac Lieu",9.280000,105.730000,"Viet Nam"
vn_lamdong_bidoup,"VN Lam Dong Bidoup",12.172300,108.186000,"Viet Nam"
vn_red_river_delta,"VN Red River Delta",20.728530,106.127700,"Viet Nam"
vn_thanhphohaiphong_bach_long_vy,"VN Thanhpho Hai Phong Bach Long Vy",20.133321,107.733339,"Viet Nam"
vn_thanhphohaiphong_phu_lien,"VN Thanhpho Hai Phong Phu Lien",20.808540,106.631970,"Viet Nam"
vn_thanhphohanoi_nghia_do,"VN Thanhpho Ha Noi NGHIA DO",21.047780,105.799640,"Viet Nam"
vn_tinhbacgiang_bac_giang,"VN Tinh Bac Giang",21.291416,106.225472,"Viet Nam"
vn_tinhkhanhhoa_nhatrang,"VN Tinh Khanh Hoa Nha Trang",12.204722,109.205556,"Viet Nam"
vn_tinhlamong_nam_cat_tien_forest,"VN Tinh Lamong Nam Cat Tien Forest",11.457145,107.402916,"Viet Nam"
vn_tinhsonla_son_la,"VN Tinh Son La",21.332130,103.905340,"Viet Nam"
vn_tinhyenbai_yen_bai,"VN Tinh Yen Bai",21.704950,104.868940,"Viet Nam"
vu_sanma_cocoflux,"VU Sanma CocoFlux",-15.442700,167.192001,"Vanuatu"
za_easterncape_ben_mcdhui,"ZA Eastern Cape Ben McDhui",-30.710833,27.617500,"South Africa"
za_freestate_benfontein_karoo,"ZA Free State Benfontein Karoo",-28.856483,24.839850,"South Africa"
za_freestate_benfontein_savannah,"ZA Free State Benfontein Savannah",-28.890600,24.861117,"South Africa"
za_gauteng_joberg,"ZA Gauteng Joberg",-26.186133,28.029167,"South Africa"
za_gauteng_paardefontein,"ZA Gauteng Paardefontein",-25.495986,28.374719,"South Africa"
za_gauteng_pretoria_csir_dpss,"ZA Gauteng Pretoria CSIR DPSS",-25.756611,28.279722,"South Africa"
za_gauteng_wits_university,"ZA Gauteng Wits University",-26.192444,28.028972,"South Africa"
za_krugerpark_skukuza,"ZA Kruger Park Skukuza",-25.019700,31.496900,"South Africa"
za_kwazulu_natal_VASI,"ZA KwaZulu-Natal VASI Macadamia",-27.202630,32.627110,"South Africa"
za_kwazulu_natal_VASI_grassland,"ZA KwaZulu-Natal VASI Grassland",-27.199530,32.587130,"South Africa"
za_kwazulu_natal_cathedral_Peak,"ZA KwaZulu-Natal Cathedral Peak",-28.993560,29.251841,"South Africa"
za_kwazulu_natal_durban_ukzn,"ZA KwaZulu-Natal Durban UKZN",-29.817233,30.944011,"South Africa"
za_kwazulu_natal_maputaland_grassland,"ZA KwaZulu-Natal Maputaland Grassland",-27.395200,32.588900,"South Africa"
za_kwazulu_natal_spioenkop,"ZA KwaZulu-Natal Spioenkop",-28.704053,29.526122,"South Africa"
za_limpopo_malopeni,"ZA Limpopo Malopeni",-23.832540,31.214360,"South Africa"
za_mpumalanga_elandsfontein,"ZA Mpumalanga Elandsfontein",-26.245342,29.417572,"South Africa"
za_mpumalanga_loskop_dam,"ZA Mpumalanga Loskop Dam",-25.407575,29.351624,"South Africa"
za_mpumalanga_lydenburg,"ZA Mpumalanga Lydenburg",-24.566666,30.766666,"South Africa"
za_mpumalanga_skukuza,"ZA Mpumalanga Skukuza",-24.991700,31.587500,"South Africa"
za_northwest_welgegund,"ZA North West Welgegund",-26.569444,26.939167,"South Africa"
za_orangefreestate_bethlehem,"ZA Orange Free State Bethlehem",-28.248333,28.333333,"South Africa"
za_westerncape_jonkershoek,"ZA Western Cape Jonkershoek",-33.990289,18.955430,"South Africa"
za_westerncape_simonstown_imt,"ZA Western Cape Simonstown IMT",-34.192720,18.445670,"South Africa"
zm_easternprovince_mfuwe,"ZM Eastern Province Mfuwe",-13.256667,31.930833,"Zambia"
zm_north-westernprovince_solwezi,"ZM North Western Province Solwezi",-12.170667,26.363333,"Zambia"
zm_north-westernprovince_zambezi,"ZM North Western Province Zambezi",-13.533167,23.107194,"Zambia"
zm_northernprovince_kasama,"ZM Northern Province Kasama",-10.166667,31.183332,"Zambia"
zm_northernprovince_misamfu,"ZM Northern Province Misamfu",-10.171200,31.224100,"Zambia"
zm_westernprovince_kaoma,"ZM Western Province Kaoma",-14.792667,24.794833,"Zambia"
zm_westernprovince_latoya,"ZM Western Province Latoya",-15.678133,23.299883,"Zambia"
zm_westernprovince_mongo,"ZM Western Province Mongo",-15.437778,23.252778,"Zambia"
zm_westernprovince_mongu,"ZM Western Province Mongu",-15.253611,23.150833,"Zambia"
zm_westernprovince_mongu_inn,"ZM Western Province Mongu Inn",-15.266667,23.134333,"Zambia"
zm_westernprovince_senanga,"ZM Western Province Senanga",-16.108889,23.293333,"Zambia"
zm_westernprovince_sesheke,"ZM Western Province Sesheke",-17.480830,24.303889,"Zambia"
